Seed,Mask,InWordNet,Cxn,ProbX,HasPairX,ProbY,HasPairY,WordsMatch,POS,NymType,AntonymType
able,willing,n,orY,,,0.62,,n,adj,co-hyponym,
above,below,y,orX,0.84,paired,,,n,adj/adv,antonym,complementary
absolute,relative,y,both,0.94,,0.88,,n,adj,antonym,complementary
abuse,neglect,n,orY,,,0.56,paired,n,,other-related,
accepted,rejected,n,orX,0.64,,,,n,verb,antonym,converse
accidental,otherwise,n,orX,0.56,,,,n,,proform,
accidentally,intentionally,n,orY,,,0.59,paired,n,adv,antonym,complementary
acquaintances,friends,n,orY,,,0.54,,n,noun,nym-near-synonym,
acre,more,n,orX,0.52,,,,n,,proform,
actors,actresses,n,orX,0.65,paired,,,n,noun,antonym,complementary
actresses,actors,n,both,0.51,paired,0.93,,n,noun,antonym,complementary
acute,chronic,y,both,0.81,paired,0.75,paired,n,adj,antonym,complementary
adjective,noun,n,orY,,,0.8,paired,n,noun,co-hyponym,
admit,deny,y,orX,0.78,,,,n,verb,antonym,complementary
admits,denies,n,orX,0.51,,,,n,verb,antonym,complementary
admitting,denying,n,orX,0.8,,,,n,verb,antonym,complementary
adolescence,childhood,n,orY,,,0.66,,n,noun,co-hyponym,multiple incompatibility
adolescent,child,n,orY,,,0.66,,n,,co-hyponym,
adolescents,children,n,orY,,,0.53,,n,,co-hyponym,
adopting,fostering,n,orX,0.53,,,,n,,co-hyponym,
advantage,disadvantage,y,orX,0.78,,,,n,noun,antonym,complementary
advantages,disadvantages,n,orX,0.75,,,,n,noun,antonym,complementary
afar,near,n,orY,,,0.56,,n,adj,antonym-secondary,scalar
affair,marriage,n,orY,,,0.51,,n,,other-related,
affiliate,parent,n,orY,,,0.78,,n,,co-hyponym,
affirmative,negative,y,both,0.9,,0.72,,n,adj,antonym,complementary
aft,fore,y,orY,,,0.98,,n,adj,antonym,complementary
after,before,n,orX,0.61,paired,,,n,adj/adv,antonym-temporal,complementary
afternoon,evening,n,orX,0.63,,,,n,,co-hyponym-temporal,
afternoon,morning,n,orY,,,0.92,,n,noun,co-hyponym-temporal,
afterward,before,n,orY,,,0.61,,n,adv,antonym-temporal-secondary,complementary
afterwards,before,n,orY,,,0.58,,n,adv,antonym-temporal-secondary,complementary
again,once,n,orY,,,0.61,,n,,other-conventional,
against,for,n,orY,,,0.89,,n,adv,antonym,complementary
agree,disagree,y,orX,0.75,,,,n,verb,antonym,complementary
ahead,behind,n,orX,0.76,,,,n,adv,antonym,complementary
aircraft,ship,n,orY,,,0.51,,n,,co-hyponym,
alive,dead,y,both,0.95,,0.99,paired,n,adj,antonym,complementary
all,none,n,orX,0.53,,,,n,noun,antonym,
alley,street,n,orY,,,0.51,,n,noun,co-hyponym,
alpha,beta,n,both,0.82,,0.7,paired,n,adj,co-hyponym,
alternatively,",",n,orY,,,0.72,,n,,x-odd,
aluminum,steel,n,orY,,,0.61,,n,noun,co-hyponym,
amateur,professional,y,both,0.83,,0.87,,n,noun,antonym,complementary
amazingly,otherwise,n,orX,0.51,,,,n,,proform,
ambassador,equivalent,n,orX,0.51,,,,n,,proform,
an,fice,n,orX,0.55,,,,n,partial token,x-none,
analog,digital,n,both,0.82,,0.87,,n,adj,antonym,complementary
analogue,digital,y,both,0.72,,0.86,,n,adj,antonym,complementary
anatomy,physiology,n,both,0.65,,0.6,,n,,co-hyponym,
anime,manga,n,both,0.55,,0.51,,n,,co-hyponym,
annual,monthly,n,orY,,,0.51,,n,,co-hyponym-temporal,
annually,monthly,n,orY,,,0.72,,n,adv,co-hyponym-temporal,
another,one,n,orY,,,0.77,,n,other/det,co-hyponym-numeric,
answer,question,y,orY,,,0.68,,n,noun/verb,antonym,complementary
answers,questions,n,orY,,,0.69,,n,noun,antonym,complementary
anterior,posterior,y,both,0.91,,0.59,paired,n,adj,antonym,complementary
anti,pro,y,orY,,,0.97,,n,adj,antonym,complementary
anus,vagina,n,orX,0.54,paired,,,n,,co-hyponym,
anxiety,depression,n,both,0.68,,0.52,paired,n,noun,co-hyponym,
anybody,anything,n,orX,0.62,,,,n,,co-hyponym,
anyone,anything,n,orX,0.57,,,,n,,co-hyponym,
anytime,anywhere,n,orX,0.74,paired,,,n,,co-hyponym,
anywhere,anytime,n,orX,0.59,paired,,,n,,co-hyponym,
apartment,house,n,orY,,,0.57,,n,noun,co-hyponym,
appalled,shocked,n,orY,,,0.56,,n,,nym-near-synonym,
apple,pear,n,orX,0.7,,,,n,,co-hyponym,
appointed,elected,n,orY,,,0.74,paired,n,adj/verb,antonym,complementary
aquatic,terrestrial,n,both,0.7,,0.65,,n,adj,co-hyponym,multiple incompatibility
architect,designer,n,orX,0.51,,,,n,,co-hyponym,
arena,stadium,n,both,0.61,,0.6,,n,,co-hyponym,
arenas,stadiums,n,both,0.62,,0.51,,n,,co-hyponym,
armed,unarmed,y,orX,0.6,,,,n,adj,antonym,complementary
arms,legs,n,orX,0.53,,,,n,,co-hyponym,
arrival,departure,n,orX,0.61,,,,n,noun,antonym,reversive
arrivals,departures,n,both,0.86,,0.52,,n,noun,antonym,reversive
arriving,departing,n,orX,0.76,,,,n,verb,antonym,reversive
arrow,bow,n,orY,,,0.7,,n,,co-hyponym,
arteries,veins,n,both,0.88,,0.8,,n,noun,antonym,complementary
artery,vein,n,orY,,,0.58,paired,n,noun,antonym,complementary
artificial,natural,y,orY,,,0.83,,n,adj,antonym,complementary
artificially,naturally,y,orY,,,0.9,,n,adv,antonym,complementary
ascending,descending,y,both,0.97,paired,0.68,paired,n,adj/verb,antonym,complementary
ascent,descent,y,orX,0.85,,,,n,noun,antonym,complementary
ashamed,embarrassed,n,orY,,,0.57,,n,,nym-near-synonym,
asphalt,concrete,n,orX,0.55,,,,n,,co-hyponym,
assault,battery,n,orX,0.61,,,,n,,other-conventional,
assists,goals,n,both,0.61,,0.9,,n,noun,co-hyponym,complementary
asteroid,comet,n,both,0.91,,0.54,,n,noun,co-hyponym,
attacker,victim,n,orY,,,0.63,,n,noun,antonym,complementary
audio,video,n,both,0.68,,0.59,,n,adj,co-hyponym,
auditory,visual,n,both,0.53,,0.51,,n,adj,co-hyponym,
automatic,manual,y,orY,,,0.77,,n,adj,antonym,scalar
automatically,manually,n,both,0.55,,0.63,,n,adv,antonym-secondary,scalar
autumn,winter,n,orX,0.69,,,,n,noun,co-hyponym,multiple incompatibility
autumn,summer,n,orY,,,0.66,,n,noun,co-hyponym,multiple incompatibility
avenue,street,n,both,0.68,,0.74,,n,noun,co-hyponym,
avenues,streets,n,orY,,,0.53,,n,,co-hyponym,
awake,asleep,y,both,0.87,,0.84,,n,adj,antonym,complementary
back,front,y,orY,,,0.63,,n,adj/noun,antonym,complementary
backward,forward,y,both,0.52,,0.86,,n,adj/adv,antonym,complementary
backwards,forwards,n,both,0.67,,0.79,,n,adj/adv,antonym,complementary
bacterial,viral,n,orY,,,0.58,,n,adj,co-hyponym,
bad,good,y,orY,,,0.99,,n,adj,antonym,scalar
badly,well,y,orY,,,0.5,,n,adv,antonym,scalar
bake,cook,n,orY,,,0.52,,n,,co-hyponym,
baking,cooking,n,orY,,,0.59,,n,verb,co-hyponym,
bar,restaurant,n,orY,,,0.7,,n,noun,co-hyponym,
barley,wheat,n,both,0.7,paired,0.87,paired,n,noun,co-hyponym,
bath,shower,n,both,0.55,,0.52,,n,,co-hyponym,
baths,showers,n,both,0.55,,0.55,,n,noun,co-hyponym,
battered,bruised,n,orX,0.57,,,,n,verb,co-hyponym,
beans,rice,n,orY,,,0.6,,n,noun,co-hyponym,
beard,mustache,n,both,0.58,paired,0.56,paired,n,,co-hyponym,
beast,man,n,orY,,,0.77,,n,noun,co-hyponym,
beef,pork,n,both,0.54,,0.59,paired,n,,co-hyponym,
beer,wine,n,both,0.54,,0.77,paired,n,noun,co-hyponym,
before,after,n,orX,0.67,paired,,,n,adv,antonym-temporal,complementary
beforehand,after,n,orX,0.58,,,,n,,antonym-temporal-secondary,
beginning,end,n,orX,0.64,,,,n,noun,antonym,complementary
begins,ends,n,orX,0.52,,,,n,verb,antonym,complementary
behalf,on,n,orY,,,0.54,,n,,x-odd,
below,above,y,orX,0.71,paired,,,n,adj/adv,antonym,complementary
beta,alpha,n,orY,,,0.77,paired,n,adj,co-hyponym,
better,worse,y,orX,0.96,paired,,,n,adj,antonym,scalar
between,",",n,orY,,,0.51,,n,,x-odd,
beverage,food,n,both,0.6,,0.95,,n,noun,antonym,complementary
beverages,food,n,orY,,,0.65,,n,noun,antonym,complementary
big,small,y,both,0.92,,0.79,,n,adj,antonym,scalar
bigger,smaller,n,orX,0.75,,,,n,adj,antonym,scalar
biking,walking,n,orX,0.59,,,,n,,co-hyponym,
billions,millions,n,orY,,,0.69,,n,noun,co-hyponym-numeric,
biological,chemical,n,orY,,,0.52,,n,,co-hyponym,
biologically,otherwise,n,orX,0.54,,,,n,,proform,
bipolar,schizophrenia,n,orY,,,0.58,,n,,co-hyponym,
birth,death,y,orX,0.84,,,,n,noun,antonym,complementary
births,deaths,n,orX,0.89,,,,n,noun,antonym,complementary
bits,bytes,n,orX,0.51,,,,n,noun,co-hyponym,
bitter,sweet,n,orY,,,0.74,,n,,co-hyponym,
blacks,whites,n,orX,0.6,,,,n,noun,antonym,complementary
blah,blah,n,orY,,,0.93,paired,y,adj,x-identical,
blind,deaf,n,both,0.77,,0.95,paired,n,adj,co-hyponym,
blonde,brown,n,both,0.55,,0.53,,n,,co-hyponym,
boom,bust,n,orX,0.96,,,,n,noun,antonym,complementary
boon,curse,n,orX,0.58,,,,n,noun,antonym,complementary
borough,city,n,orY,,,0.68,,n,noun,co-hyponym,
both,",",n,orY,,,0.76,,n,,x-odd,
bottles,cans,n,both,0.74,paired,0.75,paired,n,noun,co-hyponym,
bottom,top,y,orY,,,0.78,,n,adj,antonym,scalar
bought,sold,n,orX,0.53,,,,n,verb,antonym,complementary
bowls,cups,n,orX,0.51,,,,n,,co-hyponym,
bows,arrows,n,orX,0.81,,,,n,noun,co-hyponym,
boy,girl,y,both,0.91,paired,0.92,paired,n,noun,antonym,complementary
boyfriend,girlfriend,n,both,0.93,,0.78,paired,n,noun,antonym,complementary
boys,girls,n,both,0.86,paired,0.77,paired,n,noun,antonym,complementary
break,make,y,orY,,,0.84,,n,verb,antonym,complementary
bride,groom,n,both,0.83,,0.63,paired,n,noun,antonym,complementary
bridges,tunnels,n,both,0.64,,0.55,,n,,co-hyponym,
brightest,best,n,orY,,,0.86,,n,adj,other-conventional,
brightness,color,n,orY,,,0.51,,n,noun,co-hyponym,
broad,narrow,n,both,0.55,,0.51,,n,adj,antonym,scalar
broadly,specifically,n,orY,,,0.54,,n,adv,antonym,scalar
brother,sister,y,orX,0.71,,,,n,noun,antonym,complementary
brothers,sisters,n,both,0.75,,0.65,paired,n,noun,antonym,complementary
brunch,dinner,n,orX,0.55,,,,n,noun,co-hyponym,
bullish,neutral,n,both,0.75,,0.89,,n,,co-hyponym,
bullying,harassment,n,orX,0.58,,,,n,,nym-near-synonym,
bundled,single,n,orY,,,0.51,,n,,contrast-group-individual,
burglary,theft,n,both,0.59,,0.53,,n,noun,co-hyponym,
bushes,trees,n,both,0.68,,0.59,,n,noun,co-hyponym,
businessman,politician,n,orY,,,0.51,,n,,co-hyponym,
bust,boom,n,orY,,,0.89,,n,noun,antonym,complementary
butterfly,moth,n,orX,0.51,,,,n,,co-hyponym,
buy,sell,y,orX,0.86,,,,n,verb,antonym,converse
buyer,seller,n,both,0.74,paired,0.75,paired,n,noun,antonym,converse
buyers,sellers,n,both,0.64,,0.53,paired,n,noun,antonym,converse
buying,selling,n,orX,0.82,,,,n,verb,antonym,converse
buys,sells,n,orX,0.95,,,,n,verb,antonym,converse
ca,ca,n,orX,0.54,paired,,,y,,x-identical,
cable,satellite,n,both,0.78,,0.83,,n,adj,co-hyponym,
calf,cow,n,orY,,,0.66,,n,noun,antonym,converse
canceled,postponed,n,both,0.68,,0.51,,n,adj/verb,co-hyponym-temporal,
cancelled,postponed,n,orX,0.51,,,,n,,co-hyponym,
canine,human,n,orY,,,0.66,,n,adj,co-hyponym,
canoe,boat,n,orY,,,0.61,,n,noun,co-hyponym,
cans,bottles,n,both,0.58,paired,0.79,paired,n,noun,co-hyponym,
capsules,tablets,n,orY,,,0.54,,n,,co-hyponym,
cardinal,bishop,n,orY,,,0.64,,n,,co-hyponym,
carved,painted,n,orX,0.51,,,,n,adj/verb,co-hyponym,
casino,hotel,n,orY,,,0.62,,n,,co-hyponym,
casual,formal,n,both,0.53,,0.69,,n,adj,antonym,scalar
cat,dog,n,both,0.78,paired,0.85,paired,n,noun,co-hyponym,
catcher,pitcher,n,orY,,,0.67,,n,noun,antonym,complementary
catching,throwing,n,orY,,,0.62,,n,verb,antonym,converse
cathedral,church,n,orY,,,0.58,,n,,co-hyponym,
cats,dogs,n,both,0.68,paired,0.86,paired,n,noun,co-hyponym,
caucuses,primaries,n,orY,,,0.77,,n,noun,co-hyponym,
cause,effect,n,orX,0.7,,,,n,noun,antonym,complementary
cavalry,infantry,n,orY,,,0.76,,n,noun,co-hyponym,
ceilings,walls,n,orY,,,0.6,,n,noun,co-hyponym,
celestial,terrestrial,n,orX,0.61,,,,n,adj,co-hyponym,multiple incompatibility
charged,arrested,n,orY,,,0.51,,n,,co-hyponym,
cheat,steal,n,orX,0.51,,,,n,,co-hyponym,
cheat,lie,n,orY,,,0.67,,n,,co-hyponym,
cheating,lying,n,orY,,,0.56,paired,n,,co-hyponym,
chemically,physically,n,orY,,,0.54,,n,,co-hyponym,
chew,swallow,n,orX,0.5,,,,n,,co-hyponym,
chicks,eggs,n,both,0.57,,0.66,,n,,other-related,
chilled,frozen,n,orX,0.77,,,,n,,contrast-scalar,
chronic,acute,y,both,0.68,paired,0.8,paired,n,adj,antonym,complementary
cit,cit,n,orX,0.53,paired,,,y,partial token,x-identical,
cities,towns,n,orY,,,0.81,paired,n,,co-hyponym,
civil,criminal,n,orY,,,0.64,paired,n,adj,antonym,complementary
civilian,military,y,both,0.72,,0.71,,n,adj,antonym,complementary
classical,modern,n,orX,0.6,,,,n,adj,antonym,scalar
clinic,hospital,n,both,0.58,,0.59,,n,,co-hyponym,
clinically,otherwise,n,orX,0.58,,,,n,,proform,
clipboard,pen,n,orY,,,0.53,,n,,co-hyponym,
cloaked,otherwise,n,orX,0.56,,,,n,,proform,
closures,delays,n,orX,0.55,,,,n,,co-hyponym,
cloves,cinnamon,n,orY,,,0.67,,n,,co-hyponym,
coastal,inland,y,both,0.55,,0.56,paired,n,adj,antonym,complementary
coffee,tea,n,both,0.96,paired,0.95,paired,n,noun,co-hyponym,
cold,hot,y,orY,,,0.67,,n,adj,antonym,scalar
colleague,friend,n,orY,,,0.58,,n,,co-hyponym,
collective,individual,n,both,0.7,,0.72,,n,adj,antonym,complementary
collectively,individually,n,both,0.71,paired,0.95,paired,n,adv,antonym,complementary
colleges,universities,n,orX,0.85,paired,,,n,,co-hyponym,
colonel,major,n,orY,,,0.51,,n,,co-hyponym,
come,go,y,orX,0.9,,,,n,verb,antonym,complementary
comedian,actor,n,both,0.57,,0.73,,n,noun,co-hyponym,
commerce,trade,n,orY,,,0.52,,n,,nym-near-synonym,
compass,map,n,orY,,,0.57,,n,,co-hyponym,
compelled,otherwise,n,orX,0.62,,,,n,,proform,
complete,incomplete,y,orX,0.64,,,,n,adj,antonym,complementary
complete,partial,n,orY,,,0.54,,n,adj,antonym,complementary
completed,incomplete,n,orX,0.58,,,,n,adj,antonym,scalar
completely,partially,n,both,0.62,,0.71,,n,adv,antonym,scalar
comrade,friend,n,orY,,,0.65,,n,,nym-near-synonym,
con,pro,y,orY,,,0.94,,n,noun,antonym,complementary
condo,apartment,n,both,0.75,,0.63,,n,noun,co-hyponym,
condos,apartments,n,orX,0.62,,,,n,,co-hyponym,
confirm,deny,n,orX,0.73,,,,n,verb,antonym,complementary
congressman,senator,n,both,0.84,,0.74,,n,,co-hyponym,
cons,pros,n,orY,,,0.96,,n,noun,antonym,complementary
conscientious,otherwise,n,orX,0.78,,,,n,,proform,
conscious,unconscious,y,both,0.66,,0.6,,n,adj,antonym,scalar
consciously,unconsciously,y,orX,0.65,,,,n,adv,antonym,complementary
consensual,otherwise,n,orX,0.63,,,,n,,proform,
conservatism,liberalism,n,orY,,,0.53,,n,noun,antonym,scalar
conservative,liberal,y,both,0.7,paired,0.81,paired,n,noun,antonym,scalar
constant,variable,n,orX,0.53,,,,n,adj,antonym,complementary
constitutional,otherwise,n,orX,0.51,,,,n,,proform,
constitutionally,otherwise,n,orX,0.69,,,,n,not-annotated,proform,
consulate,embassy,n,both,0.76,paired,0.81,,n,noun,co-hyponym,
contemporary,historical,n,orY,,,0.55,,n,adj,antonym,complementary
continual,intermittent,n,orX,0.5,,,,n,adj,antonym,complementary
continuous,intermittent,n,orX,0.56,,,,n,adj,antonym,complementary
contra,pro,n,orY,,,0.95,,n,adv,antonym-secondary,complementary
contractual,otherwise,n,orX,0.66,,,,n,not-annotated,proform,
contrast,compare,n,orY,,,0.82,,n,,other-conventional,
controller,keyboard,n,orY,,,0.51,,n,,co-hyponym,
cooked,raw,y,orY,,,0.59,,n,adj,antonym,scalar
cooled,frozen,n,orX,0.56,,,,n,,contrast-scalar,
cooling,heating,n,both,0.53,paired,0.94,,n,adj/verb,antonym,scalar
coordinator,coach,n,both,0.52,,0.62,,n,noun,co-hyponym,
copyright,trademark,n,orY,,,0.61,,n,,co-hyponym,
cornerback,safety,n,both,0.73,,0.56,,n,,co-hyponym,
correctly,incorrectly,y,orX,0.81,,,,n,adv,antonym,complementary
councillor,mayor,n,orY,,,0.5,,n,,co-hyponym,
counties,cities,n,orY,,,0.58,,n,noun,co-hyponym,
county,city,n,orY,,,0.65,,n,noun,co-hyponym,
coupled,single,n,orY,,,0.72,,n,adj,antonym,complementary
cousins,siblings,n,orY,,,0.5,,n,,co-hyponym,
covert,otherwise,n,orX,0.54,,,,n,,proform,
crawl,walk,n,both,0.53,,0.52,,n,verb,co-hyponym,
crawling,walking,n,both,0.61,,0.66,,n,verb,co-hyponym,
cream,milk,n,orY,,,0.64,,n,,co-hyponym,
creed,race,n,orY,,,0.82,,n,,co-hyponym,
creek,river,n,both,0.52,,0.54,,n,noun,co-hyponym,
criminal,civil,n,orY,,,0.56,paired,n,adj,antonym,complementary
criminally,otherwise,n,orX,0.52,,,,n,not-annotated,proform,
cruel,unusual,n,orX,0.95,,,,n,adj,other-conventional,
cryptographic,otherwise,n,orX,0.72,,,,n,not-annotated,proform,
curly,straight,y,both,0.82,,0.85,,n,adj,antonym,scalar
dad,mom,n,orY,,,0.8,,n,noun,antonym,complementary
dads,moms,n,orY,,,0.62,,n,noun,antonym,complementary
dagger,sword,n,orY,,,0.57,,n,,co-hyponym,
daily,weekly,n,both,0.74,,0.63,paired,n,adv,co-hyponym-temporal,
danced,sang,n,orY,,,0.52,,n,,co-hyponym,
dark,light,y,both,0.72,paired,0.83,,n,adj/noun,antonym,scalar
darker,lighter,n,both,0.73,,0.64,,n,adj,antonym,scalar
daughter,son,y,both,0.55,paired,0.93,,n,noun,antonym,complementary
daughters,sons,n,both,0.56,paired,0.92,paired,n,noun,antonym,complementary
dawn,dusk,n,both,0.88,paired,0.8,paired,n,noun,antonym,complementary
day,night,y,both,0.96,paired,0.79,paired,n,noun,antonym,complementary
daytime,nighttime,n,both,0.67,paired,0.62,paired,n,noun,antonym,complementary
dead,alive,y,orY,,,0.56,paired,n,adj,antonym,complementary
deaf,blind,n,orY,,,0.78,paired,n,,co-hyponym,
dear,near,n,orY,,,0.58,,n,,other-conventional,
debit,credit,y,both,0.9,,0.94,,n,noun,antonym,complementary
deceased,living,n,orY,,,0.57,,n,adj,antonym,complementary
deceit,fraud,n,orX,0.72,,,,n,,co-hyponym,
deceptive,misleading,n,both,0.66,,0.85,,n,adj,nym-near-synonym,
decrease,increase,y,orY,,,0.82,,n,noun/verb,antonym,scalar
decreased,increased,y,orY,,,0.74,,n,adj/verb,antonym,scalar
decreases,increases,n,orY,,,0.65,,n,verb,antonym,scalar
defense,offense,y,both,0.66,paired,0.78,paired,n,noun,antonym,complementary
defensive,offensive,y,both,0.58,,0.85,,n,adj,antonym,complementary
defensively,offensively,y,both,0.82,paired,0.98,paired,n,adv,antonym,complementary
deficit,surplus,n,both,0.87,,0.91,,n,noun,antonym,complementary
definite,indefinite,y,orY,,,0.55,,n,adj,antonym,complementary
deliberate,accidental,n,orX,0.53,,,,n,adj,antonym,complementary
deliberately,accidentally,y,orY,,,0.66,,n,adv,antonym,complementary
delusions,hallucinations,n,both,0.89,,0.82,,n,,co-hyponym,
demand,supply,y,both,0.52,paired,0.68,paired,n,noun,antonym,complementary
democrat,republican,n,both,0.51,,0.55,,n,noun,co-hyponym,complementary
demons,angels,n,orY,,,0.64,,n,,co-hyponym,
dent,scratch,n,orY,,,0.51,,n,,co-hyponym,
deny,confirm,n,orY,,,0.84,,n,verb,antonym,complementary
denying,confirming,n,orY,,,0.66,,n,verb,antonym,scalar
departing,arriving,n,orY,,,0.6,,n,adj/verb,antonym,reversive
dependent,spouse,n,orY,,,0.6,,n,,co-hyponym,
depression,anxiety,n,orY,,,0.72,paired,n,noun,co-hyponym,
descending,ascending,y,both,0.6,paired,0.75,paired,n,adj/verb,antonym,complementary
desk,chair,n,orY,,,0.54,,n,,co-hyponym,
desktop,laptop,n,both,0.7,,0.73,,n,,co-hyponym,
detain,arrest,n,orY,,,0.57,,n,,co-hyponym,
detention,arrest,n,orY,,,0.65,,n,,co-hyponym,
detractors,supporters,n,orY,,,0.51,,n,noun,antonym,scalar
development,research,n,orY,,,0.71,,n,,co-hyponym,
deviation,mean,n,orY,,,0.5,,n,,co-hyponym,
diamonds,gold,n,orY,,,0.63,,n,noun,co-hyponym,
diarrhea,vomiting,n,orY,,,0.79,,n,noun/verb,co-hyponym,
diary,journal,n,both,0.62,,0.71,paired,n,,nym-near-synonym,
diesel,gasoline,n,both,0.74,paired,0.78,paired,n,noun,co-hyponym,
digit,letter,n,orY,,,0.57,,n,,co-hyponym,
digitally,physically,n,both,0.54,,0.9,,n,adv,antonym,complementary
diluted,whole,n,orY,,,0.96,,n,adj,antonym-secondary,reversive
dime,nickel,n,orY,,,0.73,,n,,co-hyponym,
dinner,lunch,n,orY,,,0.83,,n,noun,co-hyponym,
diploma,degree,n,orY,,,0.67,,n,noun,co-hyponym,
direct,indirect,y,both,0.82,paired,0.59,paired,n,adj,antonym,complementary
directly,indirectly,y,both,0.99,paired,0.92,paired,n,adv,antonym,complementary
director,producer,n,both,0.7,,0.5,,n,,co-hyponym,
directs,writes,n,orY,,,0.6,,n,,co-hyponym,
dirty,clean,y,orY,,,0.67,,n,adj,antonym,scalar
disadvantages,advantages,n,orY,,,0.7,,n,noun,antonym,complementary
disagree,agree,y,orY,,,0.95,,n,verb,antonym,complementary
disagrees,agrees,n,orY,,,0.69,,n,verb,antonym,complementary
disappearance,death,n,both,0.55,,0.55,,n,,co-hyponym,
disappro,approve,n,orY,,,0.7,,n,partial token,x-none,
disapproval,approval,y,orY,,,0.8,,n,noun,antonym,scalar
disapprove,approve,y,orY,,,0.99,,n,verb,antonym,scalar
discomfort,pain,n,orY,,,0.55,,n,,co-hyponym,
discount,coupon,n,orY,,,0.52,,n,,co-hyponym,
discounted,free,n,orY,,,0.68,,n,,co-hyponym,
dismissed,suspended,n,orY,,,0.51,,n,,co-hyponym,
disorderly,drunk,n,orY,,,0.62,,n,,other-conventional,
disorders,diseases,n,orY,,,0.53,,n,,co-hyponym,
dispatcher,supervisor,n,orX,0.51,,,,n,,co-hyponym,
dissertation,thesis,n,orY,,,0.72,,n,,nym-near-synonym,
dive,swim,n,orY,,,0.56,,n,,co-hyponym,
diversity,inclusion,n,orX,0.52,,,,n,,other-conventional,
divide,conquer,n,orX,0.71,,,,n,noun,other-conventional,
divorce,separation,n,both,0.78,paired,0.83,paired,n,,co-hyponym,
divorced,separated,n,orX,0.81,,,,n,,co-hyponym,
dj,producer,n,orX,0.51,,,,n,,co-hyponym,
dog,cat,n,both,0.79,paired,0.81,paired,n,noun,co-hyponym,
dogs,cats,n,both,0.82,paired,0.86,paired,n,noun,co-hyponym,
dolphin,whale,n,orY,,,0.53,paired,n,noun,co-hyponym,
domestic,foreign,y,orY,,,0.71,paired,n,adj,antonym,complementary
donating,volunteering,n,orX,0.63,,,,n,,co-hyponym,
doom,gloom,n,orX,0.54,,,,n,,other-conventional,
doors,windows,n,both,0.56,,0.53,paired,n,noun,co-hyponym,
dopamine,serotonin,n,both,0.67,,0.66,,n,noun,co-hyponym,
double,single,y,orY,,,0.9,,n,adj,co-hyponym-numeric,complementary
doubled,tripled,n,both,0.58,,0.9,paired,n,adj/verb,co-hyponym-numeric,
doubles,singles,n,both,0.66,,0.92,,n,noun,co-hyponym-numeric,complementary
down,up,y,orY,,,0.97,,n,adj/adv,antonym,scalar
downhill,uphill,n,orY,,,0.79,paired,n,adj,antonym,scalar
downs,ups,n,orY,,,0.87,,n,noun,antonym,scalar
downside,upside,n,orY,,,0.63,,n,noun,antonym,scalar
downstairs,upstairs,y,both,0.54,paired,0.94,paired,n,adj/adv/noun,antonym,complementary
downstream,upstream,y,orY,,,0.78,paired,n,adj/adv,antonym,complementary
downward,upward,y,orY,,,0.63,,n,adj/adv,antonym,scalar
dozen,more,n,orX,0.55,,,,n,,proform,
dozens,hundreds,n,orY,,,0.5,,n,noun,co-hyponym-numeric,
drank,ate,n,orY,,,0.56,,n,,co-hyponym,
dried,fresh,n,orY,,,0.67,,n,adj,antonym,scalar
drink,food,n,orY,,,0.93,,n,noun,co-hyponym,
drinks,food,n,orY,,,0.52,,n,noun,co-hyponym,
drugs,alcohol,n,both,0.63,,0.52,,n,,co-hyponym,
drunken,otherwise,n,orX,0.66,,,,n,,proform,
dry,wet,y,both,0.53,paired,0.75,paired,n,adj,antonym,scalar
dual,single,n,both,0.59,,0.89,,n,adj,antonym,complementary
duly,otherwise,n,orX,0.61,,,,n,,proform,
during,after,n,orX,0.69,,,,n,other/preposition,co-hyponym-temporal,
during,before,n,orY,,,0.57,,n,other/preposition,co-hyponym-temporal,
dusk,dawn,n,both,0.97,paired,0.97,paired,n,noun,antonym,complementary
dying,dead,n,orY,,,0.5,,n,,co-hyponym,
eBay,Amazon,n,orX,0.52,,,,n,noun,co-hyponym,
earlier,later,n,orX,0.82,,,,n,adj,antonym-temporal,scalar
early,late,y,both,0.75,,0.78,paired,n,adj,antonym-temporal,scalar
earthquake,tsunami,n,orX,0.7,,,,n,,co-hyponym,
east,west,y,orX,0.75,paired,,,n,adj/noun,antonym,multiple incompatibility
eastern,western,y,orX,0.65,,,,n,adj,antonym,multiple incompatibility
eat,drink,n,both,0.61,,0.7,,n,,co-hyponym,
eating,drinking,n,both,0.69,,0.56,,n,,co-hyponym,
ebook,print,n,orY,,,0.52,,n,adj,co-hyponym,complementary
eclips,eclipse,n,orX,0.56,,,,n,partial token,x-none,
effect,cause,n,orY,,,0.78,,n,noun,antonym,complementary
eight,seven,n,orY,,,0.69,,n,,co-hyponym-numeric,
eighteen,seventeen,n,orY,,,0.81,,n,,co-hyponym-numeric,
eighth,seventh,n,orY,,,0.9,,n,,co-hyponym-numeric,
eighty,seventy,n,orY,,,0.86,,n,,co-hyponym-numeric,
either,",",n,orY,,,0.52,,n,,x-odd,
ejected,suspended,n,orX,0.64,,,,n,,co-hyponym,
elected,appointed,n,both,0.52,,0.59,paired,n,,co-hyponym,
elector,candidate,n,orY,,,0.5,,n,,co-hyponym,
electronically,physically,n,orY,,,0.89,,n,adv,antonym-secondary,complementary
eleven,twelve,n,orX,0.62,,,,n,,co-hyponym-numeric,
eleven,ten,n,orY,,,0.89,,n,adj/noun,co-hyponym-numeric,
embassy,consulate,n,orX,0.85,paired,,,n,,co-hyponym,
embryo,fetus,n,orX,0.65,paired,,,n,,co-hyponym,
emotionally,physically,n,orY,,,0.51,,n,,co-hyponym,
enable,disable,y,orX,0.77,,,,n,verb,antonym,reversive
enabled,disabled,n,orX,0.72,,,,n,adj/verb,antonym,reversive
enacted,proposed,n,orY,,,0.53,,n,adj/verb,co-hyponym,
encrypted,otherwise,n,orX,0.56,,,,n,,proform,
endemic,rare,n,orY,,,0.6,,n,adj,antonym-secondary,scalar
engaged,married,n,both,0.54,,0.73,,n,,co-hyponym,
entire,part,n,both,0.7,,0.51,,n,,nym-meronym,
entirety,part,n,both,0.51,,0.52,,n,noun,nym-meronym,
entrance,exit,n,orX,0.64,,,,n,noun,antonym,complementary
equal,greater,n,orX,0.67,,,,n,,contrast-scalar,
equitable,fair,n,orY,,,0.65,,n,adj,other-conventional,
equity,debt,n,both,0.55,,0.67,,n,noun,antonym-secondary,complementary
estrogen,testosterone,n,both,0.54,,0.53,,n,noun,antonym,complementary
etched,painted,n,orX,0.52,,,,n,adj/verb,co-hyponym,
ethnicity,race,n,orY,,,0.74,,n,noun,co-hyponym,
euros,dollars,n,orX,0.56,,,,n,noun,co-hyponym,
even,",",n,orY,,,0.71,,n,,x-odd,
evenings,weekends,n,orX,0.52,,,,n,,co-hyponym-temporal,
evenly,evenly,n,orY,,,0.52,paired,y,,x-identical,
ever,now,n,orY,,,0.63,,n,adv,co-hyponym-temporal,
everywhere,anywhere,n,orY,,,0.51,,n,,co-hyponym,
evil,good,y,orY,,,0.92,,n,adj,antonym,scalar
exact,approximate,n,orX,0.6,,,,n,adj,antonym-secondary,
excellent,good,n,orY,,,0.8,,n,adj,contrast-scalar,scalar
expelled,suspended,n,orY,,,0.66,,n,,co-hyponym,
explicit,implicit,y,orX,0.67,paired,,,n,adj,antonym,scalar
explicitly,implicitly,y,both,0.93,paired,0.94,paired,n,adv,antonym,scalar
explosion,fire,n,orY,,,0.68,,n,,co-hyponym,
exponential,linear,n,orY,,,0.59,,n,adj,co-hyponym,
export,import,y,both,0.77,paired,0.68,paired,n,noun,antonym,complementary
exports,imports,n,orX,0.6,paired,,,n,noun,antonym,complementary
expressed,implied,n,both,0.91,,0.62,,n,adj/verb,antonym-secondary,complementary
expressly,implicitly,n,both,0.52,,0.72,,n,adv,antonym-secondary,scalar
extant,extinct,y,orX,0.68,,,,n,adj,antonym-secondary,complementary
exterior,interior,y,both,0.94,paired,0.98,paired,n,noun,antonym,complementary
external,internal,y,both,0.88,paired,0.97,paired,n,adj,antonym,complementary
externally,internally,y,both,0.78,paired,0.96,,n,adv,antonym,complementary
facebook,twitter,n,both,0.55,,0.66,,n,,co-hyponym,
fairly,otherwise,n,orX,0.58,,,,n,,proform,
fake,real,n,orY,,,0.78,,n,adj,antonym,scalar
faked,real,n,orY,,,0.54,,n,adj,antonym,scalar
fall,spring,n,orY,,,0.52,,n,adj/noun,co-hyponym,multiple incompatibility
FALSE,TRUE,y,orY,,,0.87,paired,n,adj,antonym,complementary
fam,friends,n,both,0.51,,0.5,,n,,co-hyponym,
family,friends,n,both,0.58,,0.62,paired,n,noun,co-hyponym,
far,near,y,both,0.73,,0.8,,n,adj,antonym,scalar
fascism,communism,n,orY,,,0.62,,n,,co-hyponym,
fast,slow,y,orX,0.79,,,,n,adj,antonym,scalar
faster,slower,n,orX,0.73,paired,,,n,adj,antonym,scalar
fatalities,injuries,n,orY,,,0.52,,n,noun,co-hyponym,
father,mother,y,orY,,,0.69,,n,noun,antonym,complementary
fathers,mothers,n,orY,,,0.54,,n,noun,antonym,complementary
faux,real,n,both,0.56,,0.78,,n,adj,antonym,scalar
favorable,unfavorable,y,both,0.96,,0.5,paired,n,adj,antonym,scalar
favorably,negatively,n,orX,0.56,,,,n,adv,antonym,scalar
favoring,opposing,n,orX,0.52,,,,n,adj/verb,antonym,scalar
favourable,unfavorable,n,orX,0.56,,,,n,adj,antonym,scalar
feces,urine,n,both,0.78,,0.83,,n,,co-hyponym,
federal,state,n,both,0.75,,0.85,,n,noun,antonym,complementary
feeling,thought,n,orY,,,0.53,,n,,co-hyponym,
feet,hands,n,orY,,,0.52,,n,noun,co-hyponym,
fell,rose,n,orY,,,0.75,,n,verb,antonym,reversive
felony,misdemeanor,n,both,0.83,,0.82,paired,n,noun,co-hyponym,
female,male,y,both,0.97,paired,1,paired,n,adj/noun,antonym,complementary
females,males,n,both,0.77,paired,0.97,paired,n,noun,antonym,complementary
feminine,masculine,y,both,0.87,paired,0.75,paired,n,adj,antonym,complementary
fetus,embryo,n,both,0.87,paired,0.75,,n,,co-hyponym,
few,none,n,both,0.81,,0.5,,n,,contrast-scalar,
fifteen,fourteen,n,orY,,,0.75,,n,,co-hyponym-numeric,
fifth,fourth,n,orY,,,0.9,,n,noun,co-hyponym-numeric,
fifty,forty,n,orY,,,0.73,,n,,co-hyponym-numeric,
figures,facts,n,orY,,,0.61,,n,noun,co-hyponym,
finals,semifinals,n,orY,,,0.67,,n,,co-hyponym,
fine,imprisonment,n,orX,0.62,,,,n,,co-hyponym,
fined,imprisoned,n,orX,0.55,,,,n,,co-hyponym,
fingers,toes,n,orX,0.59,,,,n,,co-hyponym,
finished,incomplete,n,orX,0.58,,,,n,adj,antonym-secondary,scalar
fired,suspended,n,orY,,,0.62,,n,,co-hyponym,
firefighters,police,n,orY,,,0.54,,n,,co-hyponym,
fishing,hunting,n,both,0.7,paired,0.63,paired,n,,co-hyponym,
five,four,n,orY,,,0.94,,n,noun,co-hyponym-numeric,
flames,smoke,n,both,0.53,,0.65,,n,,co-hyponym,
flu,cold,n,orY,,,0.63,,n,noun,co-hyponym,
foe,friend,y,both,0.61,,0.99,,n,noun,antonym,complementary
foes,friends,n,orY,,,0.88,,n,noun,antonym,complementary
folder,file,n,orY,,,0.77,,n,noun,co-hyponym,
folders,files,n,orY,,,0.6,,n,noun,co-hyponym,
follow,like,n,orY,,,0.51,,n,,co-hyponym,
food,drink,n,orX,0.57,,,,n,,co-hyponym,
foods,beverages,n,orX,0.52,,,,n,,co-hyponym,
fore,aft,y,orX,0.95,,,,n,adj,antonym,complementary
foreground,background,y,both,0.96,,0.73,,n,adj/noun,antonym,complementary
foreign,domestic,y,both,0.59,,0.66,paired,n,adj,antonym,complementary
foremost,first,n,orY,,,0.96,,n,adj,other-conventional,
forget,forgive,n,orY,,,0.74,,n,,other-conventional,
fork,knife,n,orY,,,0.64,,n,,co-hyponym,
formal,informal,y,both,0.94,paired,0.61,paired,n,adj,antonym,complementary
former,current,n,both,0.59,,0.91,,n,adj,antonym,complementary
forth,and,n,orY,,,0.53,,n,,x-odd,
fortune,fame,n,orY,,,0.62,,n,,other-conventional,
forty,thirty,n,orY,,,0.83,,n,,co-hyponym-numeric,
foster,adopt,n,orY,,,0.61,,n,,co-hyponym,
found,lost,y,orY,,,0.81,,n,adj,antonym,complementary
four,three,n,orY,,,0.94,,n,noun,co-hyponym-numeric,
fourteen,thirteen,n,orY,,,0.82,,n,noun,co-hyponym-numeric,
fourth,fifth,n,orX,0.54,,,,n,,co-hyponym-numeric,
fourth,third,n,orY,,,0.93,,n,adj/noun,co-hyponym-numeric,
freezer,refrigerator,n,orX,0.53,paired,,,n,,co-hyponym,
freezer,fridge,n,orY,,,0.58,paired,n,noun,co-hyponym,
fresh,frozen,n,both,0.86,,0.81,paired,n,adj,co-hyponym,
freshman,sophomore,n,orY,,,0.51,paired,n,,co-hyponym,
fridge,freezer,n,both,0.83,,0.57,paired,n,,co-hyponym,
friends,family,n,orY,,,0.66,paired,n,,co-hyponym,
frig,freezer,n,orX,0.76,,,,n,,co-hyponym,
fro,to,n,orY,,,0.98,,n,adv,antonym,complementary
front,back,y,orX,0.62,,,,n,adj/noun,antonym,complementary
frozen,fresh,n,orY,,,0.68,paired,n,adj,co-hyponym,
fructose,glucose,n,both,0.65,,0.64,,n,noun,co-hyponym,
fruit,vegetable,n,both,0.67,,0.54,paired,n,noun,co-hyponym,
fruits,vegetables,n,both,0.9,paired,0.63,paired,n,noun,co-hyponym,
frustration,anger,n,orY,,,0.5,,n,,co-hyponym,
fry,bake,n,both,0.7,,0.72,,n,verb,co-hyponym,
frying,baking,n,both,0.52,,0.55,,n,verb,co-hyponym,
fullback,linebacker,n,orY,,,0.58,,n,,co-hyponym,
fuller,less,n,orX,0.52,,,,n,adj,antonym,scalar
fully,partially,n,orX,0.54,,,,n,adv,antonym,scalar
fundamentally,otherwise,n,orX,0.67,,,,n,,proform,
fungi,bacteria,n,both,0.75,,0.75,,n,noun,co-hyponym,
fungus,bacteria,n,orY,,,0.5,,n,,co-hyponym,
furry,otherwise,n,orX,0.65,,,,n,,proform,
futures,options,n,both,0.6,,0.52,,n,,co-hyponym,
gain,loss,y,orX,0.78,,,,n,noun,antonym-secondary,complementary
gained,lost,n,both,0.74,,0.76,,n,verb,antonym-secondary,complementary
gaining,losing,n,orX,0.83,,,,n,verb,antonym-secondary,complementary
gains,losses,n,both,0.94,,0.64,,n,noun,antonym-secondary,complementary
gal,guy,n,orY,,,0.55,,n,noun,antonym,complementary
galaxies,stars,n,orY,,,0.51,,n,,nym-meronym,
galleries,museums,n,both,0.63,,0.76,,n,,co-hyponym,
gas,oil,n,orY,,,0.69,,n,noun,co-hyponym,
gases,liquids,n,orY,,,0.52,,n,noun,co-hyponym,multiple incompatibility
gasoline,diesel,n,both,0.78,paired,0.69,paired,n,noun,co-hyponym,
gays,lesbians,n,orX,0.82,,,,n,,co-hyponym,
general,specific,y,orX,0.84,,,,n,adj,antonym,scalar
generally,specifically,y,orX,0.61,paired,,,n,adv,antonym,scalar
generic,branded,n,orY,,,0.52,,n,adj,antonym,complementary
genetic,otherwise,n,orX,0.54,,,,n,,proform,
genetically,otherwise,n,orX,0.82,,,,n,not-annotated,proform,
gentlemen,ladies,n,orY,,,0.97,,n,noun,antonym,complementary
genus,species,n,both,0.76,,0.74,,n,noun,nym-meronym,
girl,boy,y,both,0.88,paired,0.99,paired,n,noun,antonym,complementary
girlfriend,boyfriend,n,orY,,,0.58,paired,n,noun,antonym,complementary
girlfriends,wives,n,orY,,,0.68,,n,,co-hyponym,
girls,boys,n,both,0.77,paired,0.86,paired,n,noun,antonym,complementary
gloom,doom,n,orY,,,0.56,,n,,other-conventional,
glyph,symbol,n,orX,0.57,,,,n,,co-hyponym,
glyphosate,",",n,orY,,,0.56,,n,,x-odd,
goalkeeper,defender,n,orX,0.5,,,,n,,co-hyponym,
goats,sheep,n,both,0.57,,0.61,,n,noun,co-hyponym,
god,goddess,n,orX,0.59,,,,n,noun,antonym,complementary
goddess,god,n,orY,,,0.68,,n,noun,antonym,complementary
going,coming,n,orY,,,0.78,,n,verb,antonym,reversive
gold,silver,n,both,0.9,paired,0.94,paired,n,noun,co-hyponym,
golf,tennis,n,orY,,,0.52,,n,,co-hyponym,
good,bad,y,orX,0.75,,,,n,adj,antonym,scalar
goods,services,n,both,0.9,,0.5,,n,noun,antonym,complementary
goose,duck,n,orY,,,0.55,,n,noun,co-hyponym,
gore,blood,n,orY,,,0.85,,n,,co-hyponym,
grammar,spelling,n,orY,,,0.68,,n,,co-hyponym,
grandchildren,children,n,orY,,,0.89,,n,noun,co-hyponym,
granddaughter,daughter,n,orY,,,0.61,,n,,co-hyponym,
grandfather,father,n,orY,,,0.81,,n,noun,co-hyponym,
grandmother,mother,n,orY,,,0.89,,n,noun,co-hyponym,
grandparents,parents,n,orY,,,0.87,,n,noun,co-hyponym,
grandson,son,n,orY,,,0.72,,n,,co-hyponym,
grat,favor,n,orX,0.65,,,,n,partial token,x-none,
gravel,sand,n,both,0.85,,0.91,,n,noun,co-hyponym,
grease,oil,n,orY,,,0.53,,n,,co-hyponym,
great,good,n,orY,,,0.93,,n,adj/noun,contrast-scalar,
greater,less,n,orX,0.62,,,,n,adj,antonym,scalar
greets,meet,n,orY,,,0.76,,n,,other-conventional,
groom,bride,n,orY,,,0.91,paired,n,noun,antonym,complementary
gross,net,y,orY,,,0.7,paired,n,adj,antonym,complementary
guard,center,n,both,0.55,,0.53,,n,,co-hyponym,
guardian,parent,n,orY,,,0.69,,n,noun,co-hyponym,
guardians,parents,n,orY,,,0.52,,n,noun,co-hyponym,
guilt,innocence,y,orX,0.62,paired,,,n,noun,antonym,complementary
guitarist,singer,n,orY,,,0.7,,n,noun,co-hyponym,
handgun,rifle,n,orY,,,0.56,,n,noun,co-hyponym,
handguns,rifles,n,orX,0.55,,,,n,noun,co-hyponym,
handwritten,typed,n,both,0.64,,0.71,,n,adj,antonym,complementary
happily,not,n,orX,0.55,,,,n,not-annotated,proform,
hard,soft,y,both,0.73,,0.66,,n,adj,antonym,scalar
hardware,software,y,both,0.91,,0.85,,n,noun,antonym,complementary
hay,straw,n,orX,0.53,,,,n,,co-hyponym,
he,she,n,orX,0.84,paired,,,n,noun/pronoun,antonym,complementary
hear,see,n,orY,,,0.57,,n,verb,co-hyponym,
heard,seen,n,orY,,,0.67,,n,verb,co-hyponym,
heated,cooled,n,orX,0.56,,,,n,adj/verb,antonym-secondary,
heating,cooling,n,orX,0.82,paired,,,n,adj/verb,antonym,scalar
heaven,hell,n,orX,0.53,,,,n,noun,antonym,complementary
height,weight,n,orY,,,0.61,paired,n,adj,co-hyponym,
helium,hydrogen,n,both,0.55,,0.84,,n,noun,co-hyponym,
hell,heaven,n,orY,,,0.84,,n,noun,antonym,complementary
her,him,n,orY,,,0.63,paired,n,noun/pronoun,antonym,complementary
here,here,n,both,0.77,paired,0.74,paired,y,,x-identical,
hereafter,now,n,orY,,,0.64,,n,adv,co-hyponym-temporal,complementary
heroine,hero,n,orY,,,0.57,,n,noun,antonym,complementary
hers,his,n,both,0.77,,0.97,,n,other/possessive,antonym,complementary
herself,him,n,orY,,,0.56,,n,noun/pronoun,antonym,complementary
heterosexual,homosexual,n,orX,0.6,,,,n,adj,antonym,complementary
high,low,y,orX,0.67,,,,n,adj,antonym,scalar
higher,lower,n,orX,0.78,paired,,,n,adj,antonym,scalar
highs,lows,n,orX,0.83,paired,,,n,noun,antonym,scalar
him,her,n,both,0.63,,0.53,paired,n,noun/pronoun,antonym,complementary
hinted,implied,n,orX,0.6,,,,n,,nym-near-synonym,
hitter,pitcher,n,orY,,,0.52,,n,noun,antonym,complementary
hobbies,interests,n,orX,0.57,,,,n,,co-hyponym,
homosexual,bisexual,n,orY,,,0.52,,n,,co-hyponym,
honorable,otherwise,n,orX,0.52,,,,n,,proform,
honorary,otherwise,n,orX,0.51,,,,n,not-annotated,proform,
hook,line,n,orX,0.65,,,,n,noun,co-hyponym,
hopes,dreams,n,orY,,,0.59,,n,,co-hyponym,
horizontal,vertical,n,both,0.94,paired,0.99,paired,n,adj,antonym,complementary
horizontally,vertically,n,both,0.95,paired,0.99,paired,n,adv,antonym,complementary
hot,cold,y,orX,0.75,,,,n,adj,antonym,scalar
hour,day,n,orY,,,0.56,,n,noun,co-hyponym-temporal,
hourly,daily,n,both,0.77,,0.93,,n,adv,co-hyponym-temporal,
how,why,n,orX,0.53,,,,n,other/interrogative,co-hyponym,
hp,torque,n,orX,0.53,,,,n,,co-hyponym,
hrs,days,n,orX,0.54,,,,n,noun,co-hyponym-temporal,
hug,kiss,n,orY,,,0.63,,n,,co-hyponym,
hugs,kisses,n,both,0.66,,0.66,paired,n,,co-hyponym,
human,animal,n,both,0.5,,0.65,,n,,co-hyponym,
humanoid,animal,n,orX,0.54,,,,n,,co-hyponym,
humid,hot,n,orY,,,0.63,,n,,co-hyponym,
hundreds,thousands,n,orX,0.83,,,,n,noun,co-hyponym-numeric,
hundreds,tens,n,orY,,,0.55,,n,,co-hyponym-numeric,
hunger,thirst,n,both,0.53,paired,0.5,paired,n,,co-hyponym,
hunting,fishing,n,both,0.73,paired,0.6,paired,n,,co-hyponym,
husband,wife,y,both,0.94,,0.94,paired,n,noun,antonym,complementary
husbands,wives,n,both,0.87,,0.91,paired,n,noun,antonym,complementary
hypertension,diabetes,n,both,0.7,,0.82,,n,noun,co-hyponym,
iOS,Android,n,both,0.92,,0.84,,n,noun,co-hyponym,
iPad,iPhone,n,both,0.62,paired,0.85,paired,n,noun,co-hyponym,
iPads,iPhones,n,both,0.73,paired,0.89,paired,n,noun,co-hyponym,
iPhone,iPad,n,both,0.71,paired,0.56,paired,n,,co-hyponym,
iPhones,iPads,n,both,0.79,paired,0.84,paired,n,noun,co-hyponym,
iPod,iPhone,n,orY,,,0.7,,n,,co-hyponym,
ice,snow,n,orY,,,0.52,,n,,co-hyponym,
ii,i,n,orY,,,0.51,,n,adj,co-hyponym-numeric,
iii,ii,n,orY,,,0.65,,n,adj,co-hyponym-numeric,
illegally,legally,n,orY,,,0.91,,n,adv,antonym,complementary
illicit,otherwise,n,orX,0.51,,,,n,,proform,
illustrating,writing,n,orY,,,0.61,,n,verb,co-hyponym,
imaginary,real,n,orY,,,0.64,,n,adj,antonym,complementary
imagined,real,n,orY,,,0.73,,n,adj/verb,antonym,complementary
immigrants,refugees,n,orX,0.51,,,,n,,co-hyponym,
implicit,explicit,y,both,0.94,paired,0.92,,n,adj,antonym,scalar
implicitly,explicitly,y,both,0.94,paired,0.82,paired,n,adv,antonym,scalar
import,export,y,both,0.75,paired,0.53,paired,n,noun,antonym,complementary
importing,exporting,n,orX,0.7,,,,n,verb,antonym,complementary
imports,exports,n,both,0.74,paired,0.6,,n,noun,antonym,complementary
inaccurate,incomplete,n,orY,,,0.56,,n,,other-related,
inaction,action,y,orY,,,0.54,,n,noun,antonym,scalar
inadvertently,intentionally,n,orY,,,0.64,,n,adv,antonym,complementary
incidentally,directly,n,orY,,,0.54,,n,,opposition-indirect,
incoming,outgoing,y,both,0.99,paired,0.97,,n,adj,antonym,complementary
increase,decrease,y,orX,0.75,,,,n,noun/verb,antonym,scalar
increased,decreased,y,orX,0.51,,,,n,adj/verb,antonym,scalar
increases,decreases,n,orX,0.65,,,,n,verb,antonym,scalar
increasing,decreasing,y,orX,0.71,,,,n,verb,antonym,scalar
indirect,direct,y,both,0.51,paired,0.99,paired,n,adj,antonym,complementary
indirectly,directly,y,both,0.91,paired,1,paired,n,adj,antonym,complementary
individually,collectively,n,both,0.83,paired,0.81,paired,n,adv,antonym,complementary
indoor,outdoor,y,both,0.79,paired,0.86,paired,n,adj,antonym,complementary
indoors,outdoors,y,both,0.81,paired,0.81,paired,n,noun/adv,antonym,complementary
induced,natural,n,orY,,,0.69,,n,adj,antonym-secondary,complementary
infield,outfield,y,both,0.84,,0.56,paired,n,adj/noun,antonym,complementary
influenza,pneumonia,n,both,0.51,,0.5,,n,,co-hyponym,
informal,formal,y,both,0.7,paired,0.94,paired,n,adj,antonym,complementary
injecting,smoking,n,orY,,,0.54,,n,adj/verb,co-hyponym,
injections,pills,n,orY,,,0.54,,n,noun,co-hyponym,
injure,kill,n,both,0.79,,0.86,,n,verb,co-hyponym,
injuring,killing,n,both,0.7,,0.75,,n,verb,co-hyponym,
injury,death,n,orX,0.64,,,,n,,co-hyponym,
inland,coastal,y,orY,,,0.65,paired,n,adj,antonym,complementary
inner,outer,y,orX,0.61,,,,n,adj,antonym,scalar
innocence,guilt,y,both,0.76,paired,0.99,,n,noun,antonym,complementary
innocent,guilty,y,both,0.94,,0.98,,n,adj,antonym,complementary
inside,outside,y,both,0.69,paired,0.88,paired,n,adj/noun,antonym,complementary
intangible,tangible,y,orY,,,0.88,,n,adj,antonym,complementary
intentional,accidental,n,orY,,,0.57,,n,adj,antonym,complementary
intentionally,unintentionally,y,orX,0.6,,,,n,adv,antonym,scalar
intentionally,accidentally,n,orY,,,0.52,paired,n,adv,antonym,complementary
interceptions,sacks,n,orY,,,0.64,,n,,co-hyponym,
interior,exterior,y,both,0.96,paired,0.9,paired,n,noun,antonym,complementary
internal,external,y,both,0.98,paired,0.98,paired,n,adj,antonym,complementary
internally,externally,y,orX,0.74,paired,,,n,adv,antonym,complementary
international,national,y,orY,,,0.51,,n,adj,antonym,
invisible,visible,y,orY,,,0.59,,n,adj,antonym,scalar
involuntary,voluntary,y,orY,,,0.93,,n,adj,antonym,complementary
inward,outward,y,both,0.78,paired,0.83,paired,n,adj,antonym,scalar
isn,is,n,orX,0.51,,,,n,partial token,x-none,
jail,prison,n,both,0.76,,0.57,,n,,nym-near-synonym,
jails,prisons,n,both,0.86,paired,0.75,,n,,nym-near-synonym,
jaws,teeth,n,orY,,,0.55,,n,,co-hyponym,
jog,walk,n,both,0.84,,0.82,,n,verb,co-hyponym,
journal,diary,n,orY,,,0.77,paired,n,,nym-near-synonym,
jump,run,n,orY,,,0.61,,n,verb,co-hyponym,
jumped,ran,n,orY,,,0.51,,n,,co-hyponym,
jumping,running,n,orY,,,0.59,,n,,co-hyponym,
junior,senior,y,orX,0.71,,,,n,noun/adj,antonym,complementary
jurors,judges,n,orY,,,0.62,,n,noun,co-hyponym,
jury,judge,n,orY,,,0.79,,n,noun,co-hyponym,
juvenile,adult,y,both,0.66,,0.81,,n,noun,antonym,complementary
kale,spinach,n,both,0.72,,0.82,,n,noun,co-hyponym,
keyboard,mouse,n,both,0.89,paired,0.86,,n,noun,co-hyponym,
kidney,liver,n,orY,,,0.68,,n,,co-hyponym,
kidneys,liver,n,orY,,,0.64,,n,,co-hyponym,
kilograms,pounds,n,both,0.51,,0.68,paired,n,noun,co-hyponym,
kilometers,miles,n,orY,,,0.63,,n,noun,co-hyponym,
kindergarten,preschool,n,orY,,,0.67,paired,n,,co-hyponym,
kissed,hugged,n,orY,,,0.62,,n,verb,co-hyponym,
kisses,hugs,n,orY,,,0.79,paired,n,noun,co-hyponym,
kissing,hugging,n,orY,,,0.54,,n,,co-hyponym,
kneeling,standing,n,both,0.57,,0.73,,n,adj/verb,co-hyponym,
knit,crochet,n,both,0.91,,0.78,,n,verb,co-hyponym,
knitting,crochet,n,orX,0.76,,,,n,,co-hyponym,
knowingly,otherwise,n,orX,0.77,,,,n,,proform,
known,unknown,y,orX,0.88,,,,n,adj,antonym,complementary
kosher,not,n,orX,0.53,,,,n,not-annotated,proform,
labyrinth,maze,n,both,0.6,,0.58,,n,,nym-near-synonym,
ladies,gentlemen,n,orX,0.7,,,,n,noun,antonym,complementary
lady,gentleman,n,both,0.75,,0.59,,n,noun,antonym,complementary
lakes,rivers,n,orY,,,0.73,,n,noun,co-hyponym,
lakh,more,n,orX,0.76,,,,n,,x-odd,
landing,takeoff,n,orY,,,0.78,paired,n,noun,antonym,reversive
large,small,y,both,0.88,,0.58,paired,n,adj,antonym,scalar
larger,smaller,n,orX,0.78,paired,,,n,adj,antonym,scalar
last,first,y,orY,,,0.89,,n,adj/noun,antonym-numeric,complementary
lasting,temporary,n,orY,,,0.53,,n,adj,antonym-secondary,scalar
late,early,y,orY,,,0.72,paired,n,adj,antonym-temporal,scalar
lawful,otherwise,n,orX,0.72,,,,n,,proform,
lb,kg,n,orY,,,0.72,,n,noun,co-hyponym,
lbs,kg,n,orY,,,0.7,,n,noun,co-hyponym,
leaning,standing,n,orY,,,0.59,,n,,co-hyponym,
left,right,y,both,0.97,,0.94,paired,n,adj/noun,antonym,complementary
leftist,conservative,n,orX,0.52,,,,n,noun,antonym,complementary
leg,arm,n,orY,,,0.56,,n,,co-hyponym,
legal,otherwise,n,orX,0.68,,,,n,,proform,
legally,otherwise,n,orX,0.75,,,,n,,proform,
legend,myth,n,both,0.6,paired,0.79,paired,n,,co-hyponym,
legends,myths,n,both,0.51,paired,0.82,paired,n,,co-hyponym,
legitimate,otherwise,n,orX,0.58,,,,n,,proform,
legs,arms,n,orY,,,0.64,,n,noun,co-hyponym,
lemon,lime,n,orX,0.5,,,,n,,co-hyponym,
leptin,insulin,n,orX,0.62,,,,n,noun,co-hyponym,
lesbian,gay,n,orY,,,0.69,,n,,co-hyponym,
lesbians,gays,n,orY,,,0.84,,n,noun,antonym,complementary
less,more,y,orY,,,0.58,,n,adj,antonym,scalar
lesser,greater,y,orY,,,0.6,,n,adj,antonym,scalar
liabilities,assets,n,orY,,,0.53,,n,noun,antonym,complementary
libel,slander,n,both,0.82,paired,0.65,paired,n,noun,antonym,complementary
liberal,conservative,y,both,0.93,paired,0.75,paired,n,noun,antonym,scalar
liberals,conservatives,n,orX,0.6,,,,n,noun,antonym,scalar
libertarian,conservative,n,orY,,,0.67,,n,adj,antonym,scalar
libraries,archives,n,orX,0.68,,,,n,,co-hyponym,
lieutenant,captain,n,orY,,,0.59,,n,noun,co-hyponym,
life,death,n,orX,0.7,,,,n,noun,antonym,complementary
light,dark,y,orX,0.73,paired,,,n,adj,antonym,scalar
lightning,thunder,n,orY,,,0.66,paired,n,,co-hyponym,
lightweight,medium,n,orY,,,0.74,,n,,co-hyponym,
likelihood,probability,n,both,0.62,,0.5,,n,noun,co-hyponym,
lime,lemon,n,orY,,,0.63,,n,noun,co-hyponym,
limestone,sand,n,orY,,,0.55,,n,,co-hyponym,
lineman,linebacker,n,orY,,,0.58,,n,,co-hyponym,
linen,cotton,n,orY,,,0.57,,n,noun,co-hyponym,
lions,tigers,n,orY,,,0.54,paired,n,,co-hyponym,
liquid,solid,n,both,0.84,,0.81,,n,noun,antonym,multiple incompatibility
liter,less,n,orX,0.58,,,,n,,proform,
litres,less,n,orX,0.58,,,,n,,proform,
little,none,n,orX,0.66,,,,n,,contrast-scalar,
local,national,y,orX,0.54,,,,n,adj,antonym,complementary
locally,nationally,n,orY,,,0.6,paired,n,adv,antonym,
lockout,strike,n,orY,,,0.66,,n,,co-hyponym,
login,register,n,orX,0.61,,,,n,,co-hyponym,
long,short,y,both,0.95,,0.96,paired,n,adj,antonym,scalar
longer,shorter,n,orX,0.87,paired,,,n,adj,antonym,scalar
longstanding,recent,n,orY,,,0.64,,n,adj,antonym,complementary
loose,fair,n,orY,,,0.6,,n,,other-related,
lose,draw,n,orX,0.76,,,,n,,co-hyponym,
lose,win,y,orY,,,1,,n,verb,antonym,converse
loser,winner,y,orY,,,0.95,,n,noun,antonym,converse
losers,winners,n,orY,,,0.87,,n,noun,antonym,converse
loses,wins,n,orY,,,0.79,,n,verb,antonym,converse
losing,winning,n,orY,,,0.94,,n,verb,antonym,converse
lot,house,n,orY,,,0.51,,n,,other-related,
loudly,quietly,n,orY,,,0.55,,n,adv,antonym,scalar
low,high,y,orY,,,0.58,,n,adj,antonym,scalar
lower,higher,n,orX,0.6,paired,,,n,adj,antonym,scalar
lowest,highest,n,orY,,,0.55,,n,adj,antonym,scalar
lows,highs,n,both,0.51,paired,0.79,,n,noun,antonym,scalar
lunch,dinner,n,orX,0.69,,,,n,noun,co-hyponym,
lunch,breakfast,n,orY,,,0.68,,n,noun,co-hyponym,
lungs,heart,n,orY,,,0.59,,n,noun,co-hyponym,
lust,love,n,orY,,,0.55,,n,noun,nym-near-synonym,
lying,cheating,n,orY,,,0.62,paired,n,,co-hyponym,
mL,less,n,orX,0.67,,,,n,,proform,
mRNA,DNA,n,both,0.6,,0.72,,n,noun,co-hyponym,
magazine,newspaper,n,both,0.56,,0.83,paired,n,noun,co-hyponym,
magazines,newspapers,n,both,0.51,,0.72,,n,,co-hyponym,
magically,otherwise,n,orX,0.82,,,,n,not-annotated,proform,
magically,physically,n,orY,,,0.54,,n,adv,co-hyponym,
maiden,otherwise,n,orX,0.55,,,,n,,proform,
mailed,emailed,n,orX,0.53,,,,n,,co-hyponym,
maj,minor,n,orX,0.63,,,,n,adj,antonym-secondary,scalar
major,minor,y,orX,0.74,,,,n,adj,antonym,scalar
mal,otherwise,n,orX,0.51,,,,n,,proform,
male,female,y,both,1,paired,0.96,paired,n,adj/noun,antonym,complementary
males,females,n,both,0.92,paired,0.89,paired,n,noun,antonym,complementary
mammal,bird,n,both,0.53,,0.63,,n,noun,co-hyponym,
man,woman,y,orX,0.7,paired,,,n,noun,antonym,complementary
manned,unmanned,y,orX,0.64,,,,n,adj,antonym,complementary
marine,land,n,orY,,,0.53,,n,adj,antonym-secondary,multiple incompatibility
marital,otherwise,n,orX,0.59,,,,n,not-annotated,proform,
married,divorced,n,orX,0.58,,,,n,,co-hyponym,
married,single,n,orY,,,0.56,,n,adj,antonym,complementary
marry,divorce,n,orX,0.61,,,,n,verb,antonym,complementary
masculine,feminine,y,both,0.96,paired,0.8,paired,n,adj,antonym,complementary
masked,otherwise,n,orX,0.59,,,,n,,proform,
materially,otherwise,n,orX,0.53,,,,n,,proform,
math,science,n,both,0.59,,0.52,,n,,co-hyponym,
max,min,n,orY,,,0.76,,n,adj,antonym,complementary
maximum,minimum,y,orY,,,0.65,,n,noun,antonym,complementary
mayor,governor,n,orY,,,0.54,,n,,co-hyponym,
me,you,n,orY,,,0.6,,n,noun/pronoun,antonym,complementary
meal,snack,n,orX,0.55,,,,n,noun,co-hyponym,
mechanically,otherwise,n,orX,0.75,,,,n,not-annotated,proform,
medial,lateral,n,orX,0.51,,,,n,adj,co-hyponym,
medically,otherwise,n,orX,0.52,,,,n,,proform,
melee,ranged,n,orX,0.55,,,,n,adj/noun,co-hyponym,
men,women,n,both,0.87,paired,0.79,paired,n,noun,antonym,complementary
mental,physical,y,both,0.54,,0.84,,n,adj,antonym,complementary
mentally,physically,n,both,0.57,,0.89,,n,adv,antonym,complementary
meteor,comet,n,orY,,,0.52,,n,,co-hyponym,
metres,feet,n,orY,,,0.64,,n,noun,co-hyponym,
mice,rats,n,orY,,,0.76,paired,n,,co-hyponym,
micro,macro,n,orX,0.65,,,,n,adj,antonym,complementary
midterm,presidential,n,orY,,,0.64,,n,adj,co-hyponym,
migrants,refugees,n,orX,0.65,,,,n,,co-hyponym,
mild,moderate,n,orX,0.63,,,,n,,co-hyponym,
millennia,centuries,n,orY,,,0.66,,n,,co-hyponym-temporal,
millionaire,billionaire,n,orY,,,0.6,,n,,co-hyponym,
millionaires,billionaires,n,both,0.78,,0.74,,n,,co-hyponym,
mind,body,n,orY,,,0.64,,n,noun,antonym,complementary
minimum,maximum,y,orX,0.52,,,,n,noun,antonym,complementary
minus,plus,y,orY,,,1,paired,n,adj,antonym,scalar
minute,hour,n,orY,,,0.68,,n,noun,co-hyponym-temporal,
minutes,hours,n,orY,,,0.54,,n,noun,co-hyponym-temporal,
misconceptions,myths,n,orY,,,0.51,,n,,co-hyponym,
misdemeanor,felony,n,orY,,,0.83,paired,n,noun,co-hyponym,
misleading,FALSE,n,orY,,,0.85,,n,,co-hyponym,
miss,hit,y,orY,,,0.96,,n,noun,antonym,complementary
misses,hits,n,orY,,,0.69,,n,noun,antonym,complementary
mistress,wife,n,orY,,,0.56,,n,,co-hyponym,
mit,without,n,orX,0.5,,,,n,partial token,x-none,
ml,less,n,orX,0.52,,,,n,,proform,
molten,solid,n,both,0.86,,0.87,,n,adj,antonym-secondary,scalar
momentarily,permanently,n,orX,0.58,,,,n,adv,antonym-secondary,complementary
monks,nuns,n,orX,0.56,,,,n,,co-hyponym,
month,year,n,orX,0.65,,,,n,noun,co-hyponym-temporal,
month,week,n,orY,,,0.74,,n,,co-hyponym-temporal,
monthly,weekly,n,orY,,,0.83,,n,adv,co-hyponym-temporal,
months,years,n,orX,0.71,,,,n,noun,co-hyponym-temporal,
months,weeks,n,orY,,,0.61,,n,noun,co-hyponym-temporal,
moon,sun,n,orY,,,0.55,,n,noun,co-hyponym,
moons,planets,n,orY,,,0.53,,n,noun,co-hyponym,
more,less,y,orX,1,,,,n,adj,antonym,scalar
mornings,evenings,n,both,0.82,,0.51,,n,noun,antonym,multiple incompatibility
mosque,church,n,orY,,,0.51,,n,noun,co-hyponym,
mosques,churches,n,orY,,,0.59,,n,,co-hyponym,
most,all,n,both,0.85,,0.78,,n,other/det,co-hyponym,
motel,hotel,n,orY,,,0.65,,n,,co-hyponym,
mountain,hill,n,orY,,,0.62,,n,,co-hyponym,
mouse,keyboard,n,orX,0.87,paired,,,n,,co-hyponym,
mouth,nose,n,orY,,,0.52,,n,,co-hyponym,
ms,less,n,orX,0.63,,,,n,,proform,
msg,email,n,orX,0.59,,,,n,,co-hyponym,
multi,single,n,both,0.69,,0.88,,n,adj,antonym,complementary
multiple,single,y,orY,,,0.72,,n,adj,antonym-numeric,complementary
multiplication,division,n,both,0.82,,0.68,,n,noun,antonym,complementary
multiply,divide,y,orY,,,0.54,,n,verb,antonym,complementary
municipalities,counties,n,orY,,,0.51,,n,,co-hyponym,
murderer,rapist,n,orY,,,0.74,paired,n,,co-hyponym,
mustache,beard,n,both,0.54,paired,0.55,paired,n,noun,co-hyponym,
mutual,otherwise,n,orX,0.55,,,,n,,proform,
mysteriously,otherwise,n,orX,0.61,,,,n,,proform,
myth,legend,n,both,0.73,paired,0.57,paired,n,,nym-near-synonym,
myths,legends,n,both,0.7,paired,0.7,paired,n,,nym-near-synonym,
naked,clothed,n,orY,,,0.59,,n,adj,antonym,complementary
national,state,n,orY,,,0.53,,n,,co-hyponym,
nationally,internationally,n,orX,0.52,,,,n,adv,antonym,
nationally,locally,n,orY,,,0.78,paired,n,adv,antonym,complementary
nausea,vomiting,n,orX,0.63,,,,n,,co-hyponym,
navy,army,n,orY,,,0.61,,n,,co-hyponym,
neat,clean,n,orY,,,0.5,,n,,co-hyponym,
needs,wants,n,orY,,,0.55,paired,n,noun,co-hyponym,
negative,positive,y,orY,,,0.92,paired,n,adj,antonym,scalar
negatively,positively,n,both,0.91,paired,0.99,paired,n,adv,antonym,scalar
neglect,abuse,n,orY,,,0.74,paired,n,noun,co-hyponym,
negligent,reckless,n,orY,,,0.51,,n,noun,co-hyponym,
neighbour,friend,n,orY,,,0.58,,n,noun,co-hyponym,
neighbours,friends,n,orY,,,0.52,,n,noun,co-hyponym,
nephew,niece,y,orY,,,0.73,,n,noun,antonym,complementary
nerve,muscle,n,orY,,,0.53,,n,noun,co-hyponym,
net,gross,y,orY,,,0.75,paired,n,adj,antonym,complementary
never,now,n,orY,,,0.79,,n,adv,co-hyponym-temporal,complementary
new,old,y,orY,,,0.73,,n,adj,antonym,scalar
newspaper,magazine,n,orY,,,0.67,paired,n,,co-hyponym,
night,day,y,both,0.7,paired,0.94,paired,n,noun,antonym,complementary
nightly,daily,n,orY,,,0.61,,n,,co-hyponym-temporal,
nights,days,n,orY,,,0.73,,n,noun,antonym,complementary
nighttime,daytime,n,both,0.58,paired,0.57,paired,n,noun,antonym,complementary
nine,eight,n,orY,,,0.97,,n,noun,co-hyponym-numeric,
nineteen,eighteen,n,orY,,,0.94,,n,noun,co-hyponym-numeric,
nineteenth,twentieth,n,orX,0.7,,,,n,noun/adj,co-hyponym-numeric,
nineteenth,eighteenth,n,orY,,,0.85,,n,noun/adj,co-hyponym-numeric,
ninety,eighty,n,orY,,,0.7,,n,,co-hyponym-numeric,
ninth,eighth,n,orY,,,0.8,,n,noun/adj,co-hyponym-numeric,
no,yes,y,orY,,,0.96,paired,n,noun/adv,antonym,complementary
nodded,smiled,n,both,0.59,,0.66,,n,,co-hyponym,
nodding,smiling,n,orY,,,0.5,,n,,co-hyponym,
nominee,candidate,n,orY,,,0.56,,n,,co-hyponym,
north,south,y,orX,0.9,,,,n,adj,antonym,multiple incompatibility
northern,southern,y,orX,0.51,,,,n,adj,antonym,multiple incompatibility
noun,adjective,n,orY,,,0.56,paired,n,noun,co-hyponym,
now,then,n,orY,,,0.57,,n,adv/noun,co-hyponym-temporal,
nuclear,conventional,y,orY,,,0.87,,n,adj,antonym,complementary
nude,clothed,n,orY,,,0.56,,n,adj,antonym,complementary
nurse,doctor,n,orY,,,0.69,,n,,co-hyponym,
nurses,doctors,n,orY,,,0.69,,n,,co-hyponym,
nurture,nature,n,orY,,,0.93,,n,noun,contrast-conceptual,complementary
nut,seed,n,orX,0.64,,,,n,,co-hyponym,
nuts,seeds,n,orX,0.78,,,,n,,co-hyponym,
oak,maple,n,both,0.55,,0.53,,n,,co-hyponym,
oats,barley,n,both,0.65,,0.72,,n,noun,co-hyponym,
obese,overweight,n,both,0.9,paired,0.98,paired,n,adj,co-hyponym,
obesity,overweight,n,orY,,,0.65,,n,,contrast-scalar,
objectives,goals,n,orY,,,0.56,,n,,co-hyponym,
odd,even,y,orY,,,0.77,,n,adj,antonym,complementary
off,on,y,both,0.58,,0.96,,n,adj/adv,antonym,complementary
offence,defence,y,both,0.56,,0.54,,n,noun,antonym,complementary
offense,defense,y,both,0.95,paired,0.89,paired,n,noun,antonym,complementary
offensively,defensively,y,both,0.96,paired,0.85,paired,n,adv,antonym,complementary
offline,online,n,both,0.65,paired,0.77,,n,adj,antonym,complementary
offshore,on,n,orY,,,0.55,,n,adj,antonym,complementary
oil,gas,n,orX,0.67,,,,n,noun,co-hyponym,
okay,not,n,orX,0.51,,,,n,not-annotated,proform,
old,young,y,orY,,,0.79,,n,adj,antonym,scalar
omega,alpha,n,orY,,,0.51,,n,noun,antonym,complementary
once,twice,n,both,0.83,,0.76,paired,n,adv,co-hyponym-numeric,
one,more,n,orX,0.64,,,,n,,proform,
onion,garlic,n,orY,,,0.54,,n,,co-hyponym,
onions,garlic,n,orY,,,0.6,,n,,co-hyponym,
online,offline,n,orX,0.55,paired,,,n,adj,antonym,complementary
open,closed,y,orX,0.57,,,,n,adj,antonym,scalar
opened,closed,n,orX,0.54,,,,n,adj/verb,antonym,scalar
opening,closing,y,orX,0.61,,,,n,verb,antonym,scalar
opens,closes,n,both,0.73,,0.55,,n,verb,antonym,scalar
operated,owned,n,orY,,,0.78,,n,adj/verb,co-hyponym,
operates,owns,n,orY,,,0.56,,n,,co-hyponym,
oppose,support,n,orY,,,0.53,,n,verb,antonym,complementary
optionally,",",n,orY,,,0.53,,n,,x-odd,
or,or,n,orY,,,0.77,paired,y,other/disjunction,x-identical,
oral,written,n,orX,0.55,,,,n,adj,antonym,complementary
out,in,n,orY,,,0.65,,n,other/preposition,antonym,complementary
outdoor,indoor,y,both,0.58,paired,0.91,paired,n,adj,antonym,complementary
outdoors,indoors,y,both,0.84,paired,0.84,paired,n,noun/adv,antonym,complementary
outer,inner,y,orY,,,0.89,,n,adj,antonym,scalar
outfield,infield,y,orY,,,0.7,paired,n,adj/noun,antonym,complementary
outgoing,incoming,y,orX,0.75,paired,,,n,adj,antonym,complementary
output,input,n,orY,,,0.51,,n,adj/noun,antonym,complementary
outputs,inputs,n,orY,,,0.65,,n,noun,antonym,complementary
outside,inside,y,both,0.57,paired,0.84,paired,n,adj/noun,antonym,complementary
outward,inward,y,both,0.62,paired,0.81,paired,n,adj,antonym,scalar
oven,microwave,n,orX,0.74,,,,n,noun,co-hyponym,
overt,covert,y,orX,0.51,,,,n,adj,antonym,scalar
overtly,implicitly,n,orX,0.55,,,,n,adv,antonym-secondary,scalar
overweight,obese,n,both,0.88,paired,0.62,paired,n,adj,co-hyponym,
oz,less,n,orX,0.63,,,,n,,proform,
pair,single,n,orY,,,0.52,,n,noun,antonym,complementary
paired,single,n,orY,,,0.54,,n,adj,antonym-secondary,complementary
pans,pots,n,orY,,,0.77,,n,noun,co-hyponym,
paragraph,sentence,n,orY,,,0.61,,n,noun,nym-meronym,
parent,guardian,n,orX,0.71,,,,n,,co-hyponym,
parole,probation,n,orY,,,0.73,,n,,co-hyponym,
part,whole,n,orX,0.57,paired,,,n,noun,nym-meronym,
part,all,n,orY,,,0.67,,n,,nym-meronym,
particular,general,y,orY,,,0.81,,n,adj,antonym,scalar
partner,spouse,n,both,0.54,,0.64,,n,,co-hyponym,
pass,defer,n,orY,,,0.57,,n,,co-hyponym,
passive,active,y,both,0.73,,0.82,,n,adj,antonym,scalar
passively,actively,y,both,0.64,,0.68,,n,adv,antonym,scalar
password,username,n,orY,,,0.68,,n,noun,co-hyponym,
past,present,n,both,0.85,,0.81,paired,n,noun,co-hyponym-temporal,
pasta,rice,n,orY,,,0.55,,n,,co-hyponym,
paste,copy,n,orY,,,0.55,,n,,co-hyponym,
paternal,maternal,y,both,0.66,,0.86,,n,adj,antonym,complementary
payable,due,n,orY,,,0.52,,n,noun,nym-near-synonym,
peace,war,y,both,0.87,,0.85,,n,noun,antonym,complementary
peacefully,violently,n,orX,0.56,,,,n,adv,antonym,scalar
peaks,valleys,n,both,0.52,,0.53,,n,noun,antonym,complementary
pear,apple,n,orY,,,0.6,,n,noun,co-hyponym,
pen,pencil,n,both,0.64,paired,0.64,paired,n,,co-hyponym,
pencil,pen,n,both,0.65,paired,0.86,paired,n,noun,co-hyponym,
peninsula,island,n,orY,,,0.71,,n,noun,co-hyponym,
pepper,salt,n,both,0.57,,0.95,,n,noun,co-hyponym,
perennial,annual,n,both,0.64,,0.91,,n,adj,co-hyponym-temporal,
permanent,temporary,n,both,0.86,paired,0.94,paired,n,adj,antonym,scalar
permanently,temporarily,y,both,0.71,paired,0.94,paired,n,adv,antonym,scalar
perplex,confuse,n,orX,0.68,,,,n,,nym-near-synonym,
pessimistic,optimistic,y,orY,,,0.71,,n,adj,antonym,scalar
petrol,diesel,n,both,0.86,,0.76,,n,noun,co-hyponym,
phones,tablets,n,orY,,,0.53,,n,,co-hyponym,
phrase,word,n,orY,,,0.72,,n,noun,nym-meronym,
phrases,words,n,orY,,,0.79,,n,noun,nym-meronym,
piercing,tattoo,n,orY,,,0.57,,n,,co-hyponym,
pies,cakes,n,both,0.51,,0.53,,n,,co-hyponym,
pistols,shotguns,n,orY,,,0.53,,n,,co-hyponym,
plaintiff,defendant,y,orY,,,0.74,,n,noun,antonym,complementary
planet,moon,n,orY,,,0.57,,n,,co-hyponym,
planets,moons,n,orX,0.65,,,,n,,co-hyponym,
plant,animal,n,both,0.68,,0.55,,n,noun,co-hyponym,
plateau,decline,n,orX,0.58,,,,n,,co-hyponym,
playable,not,n,orX,0.58,,,,n,not-annotated,proform,
plenty,little,n,orY,,,0.5,,n,adj,antonym-secondary,
plural,singular,y,both,0.79,paired,0.98,paired,n,adj,antonym,complementary
plus,minus,y,both,0.95,,0.74,paired,n,adj,antonym,scalar
plutonium,uranium,n,both,0.73,,0.83,paired,n,noun,co-hyponym,
poetry,prose,n,orX,0.52,paired,,,n,noun,antonym,complementary
poets,writers,n,orX,0.52,,,,n,,co-hyponym,
politically,otherwise,n,orX,0.52,,,,n,,proform,
pomp,circumstance,n,orX,0.57,,,,n,noun,other-conventional,
pond,lake,n,both,0.53,,0.53,,n,,co-hyponym,
poor,rich,y,orY,,,0.7,paired,n,adj,antonym,scalar
poorer,richer,n,orY,,,0.89,,n,adj,antonym,scalar
pork,beef,n,orY,,,0.58,paired,n,noun,co-hyponym,
positive,negative,y,both,0.98,,0.86,paired,n,adj,antonym,scalar
positively,negatively,n,both,0.97,paired,0.9,paired,n,adv,antonym,scalar
positives,negatives,n,orX,0.89,,,,n,noun,antonym,scalar
possible,probable,n,orY,,,0.63,,n,adj,contrast-scalar,
posterior,anterior,y,orY,,,0.63,paired,n,adj,antonym,complementary
potassium,sodium,n,orY,,,0.64,,n,noun,co-hyponym,
pounds,kilograms,n,orY,,,0.62,paired,n,noun,co-hyponym,
pre,post,n,orX,0.95,,,,n,other/prefix,antonym-temporal,complementary
precious,rare,n,orY,,,0.53,,n,,other-related,
predator,prey,n,both,0.65,paired,0.93,paired,n,noun,antonym,converse
premier,president,n,orY,,,0.66,,n,,co-hyponym,
prepaid,cash,n,orY,,,0.63,,n,adj,co-hyponym,
preschool,kindergarten,n,orY,,,0.56,paired,n,,co-hyponym,
prescription,otherwise,n,orX,0.59,,,,n,,proform,
present,future,n,orX,0.66,,,,n,,co-hyponym-temporal,
present,past,n,orY,,,0.9,paired,n,noun,co-hyponym-temporal,
pretended,real,n,orY,,,0.64,,n,adj,antonym-secondary,scalar
previous,current,n,orY,,,0.65,,n,,co-hyponym,
prey,predator,n,both,0.83,paired,0.94,paired,n,noun,antonym,converse
priceless,rare,n,orY,,,0.56,,n,,other-related,
primaries,caucuses,n,orX,0.56,,,,n,noun,co-hyponym,
princess,prince,n,orY,,,0.71,,n,noun,antonym,complementary
prisons,jails,n,orX,0.69,paired,,,n,,nym-near-synonym,
private,public,y,both,0.81,paired,0.82,paired,n,noun,antonym,complementary
privately,publicly,y,both,0.74,paired,0.83,paired,n,adv,antonym,complementary
pro,con,y,orX,0.88,,,,n,noun,antonym,complementary
proactive,reactive,n,orX,0.66,,,,n,adj,antonym,scalar
product,service,n,both,0.76,,0.59,,n,noun,antonym,complementary
products,services,n,both,0.81,,0.57,,n,noun,antonym,complementary
professional,personal,n,both,0.6,,0.67,,n,adj,antonym,complementary
professionally,personally,n,orY,,,0.78,,n,adv,antonym,complementary
profit,loss,n,both,0.92,,0.5,,n,noun,antonym,scalar
prohibited,restricted,n,orY,,,0.61,,n,,co-hyponym,
prohibits,restricts,n,orY,,,0.51,,n,,co-hyponym,
proper,otherwise,n,orX,0.56,,,,n,,proform,
pros,cons,n,orX,0.96,,,,n,noun,antonym,complementary
prose,poetry,n,both,0.68,paired,0.68,,n,noun,antonym,complementary
prosecutor,judge,n,orY,,,0.73,,n,,co-hyponym,
prosecutors,judges,n,orY,,,0.58,,n,noun,co-hyponym,
province,state,n,orY,,,0.7,,n,noun,nym-meronym,
psychiatrist,psychologist,n,orX,0.63,paired,,,n,,co-hyponym,
psychic,otherwise,n,orX,0.58,,,,n,,proform,
psychologically,physically,n,orY,,,0.66,,n,adv,antonym,scalar
psychologist,psychiatrist,n,orX,0.62,paired,,,n,,co-hyponym,
public,private,y,both,0.95,paired,0.9,paired,n,noun,antonym,complementary
publicly,privately,y,both,0.92,paired,0.91,paired,n,adv,antonym,complementary
pulling,pushing,n,orY,,,0.56,,n,verb,antonym,complementary
punch,kick,n,both,0.56,,0.7,,n,,co-hyponym,
punched,kicked,n,orY,,,0.55,,n,,co-hyponym,
punches,kicks,n,both,0.73,,0.75,,n,,co-hyponym,
punching,kicking,n,both,0.52,,0.66,,n,,co-hyponym,
puppies,kittens,n,orX,0.53,,,,n,,co-hyponym,
puppy,kitten,n,both,0.53,,0.51,,n,,co-hyponym,
purposefully,accidentally,n,orY,,,0.67,,n,adv,antonym,complementary
pus,blood,n,orY,,,0.6,,n,,co-hyponym,
puts,calls,n,orX,0.71,,,,n,noun,antonym-secondary,complementary
quake,tsunami,n,orX,0.6,,,,n,,co-hyponym,
qualitative,quantitative,y,both,0.92,paired,0.94,paired,n,adj,antonym,complementary
quantitative,qualitative,y,both,0.9,paired,0.74,paired,n,adj,antonym,complementary
quarterly,monthly,n,both,0.65,,0.85,,n,adv,co-hyponym-temporal,
queen,king,y,orY,,,0.96,,n,noun,antonym,complementary
queens,kings,n,orY,,,0.91,,n,noun,antonym,complementary
question,comment,n,orX,0.5,,,,n,,co-hyponym,
questions,comments,n,orX,0.53,,,,n,,co-hyponym,
qui,,n,orX,0.53,,,,n,,x-odd,
race,ethnicity,n,orX,0.62,,,,n,,co-hyponym,
racist,sexist,n,both,0.53,,0.66,paired,n,,co-hyponym,
rain,shine,n,orX,0.95,paired,,,n,noun,co-hyponym,
rain,snow,n,orY,,,0.62,paired,n,noun,co-hyponym,
raises,promotions,n,orY,,,0.55,,n,,other-related,
ranch,farm,n,both,0.5,,0.68,,n,,nym-near-synonym,
randomized,random,n,orX,0.61,,,,n,adj,nym-near-synonym,
rapidly,slowly,n,orY,,,0.57,,n,adv,antonym-secondary,scalar
rapist,murderer,n,orY,,,0.54,paired,n,,co-hyponym,
rarely,never,n,orX,0.69,,,,n,,contrast-scalar,
rats,mice,n,orY,,,0.57,paired,n,,co-hyponym,
rear,front,y,orY,,,0.93,,n,noun,antonym,complementary
rebirth,death,n,orY,,,0.67,,n,noun,antonym-secondary,complementary
recycle,reuse,n,orX,0.55,,,,n,,co-hyponym,
reddit,Twitter,n,orX,0.5,,,,n,noun,co-hyponym,
refrigerator,freezer,n,both,0.71,paired,0.58,,n,noun,co-hyponym,
regained,lost,n,orY,,,0.72,,n,adj/verb,antonym,reversive
regional,national,n,orX,0.52,,,,n,adj,co-hyponym,
relegation,promotion,n,both,0.62,,0.76,,n,noun,antonym,scalar
reliever,starter,n,orY,,,0.81,,n,noun,antonym-secondary,complementary
remotely,locally,n,orY,,,0.55,,n,adv,antonym,scalar
reopen,close,n,orY,,,0.53,,n,verb,antonym-secondary,complementary
reopened,closed,n,orY,,,0.53,,n,adj,antonym-secondary,complementary
repeatedly,once,n,orY,,,0.79,,n,adv,co-hyponym-temporal,
replica,original,n,orY,,,0.74,,n,noun,antonym-secondary,complementary
residential,commercial,n,both,0.65,,0.72,,n,adj,antonym,complementary
respectively,",",n,orY,,,0.54,,n,,x-odd,
resurrection,death,n,orY,,,0.58,,n,noun,antonym-secondary,complementary
revolving,fixed,n,orY,,,0.54,,n,adj/verb,antonym-secondary,complementary
rh,rh,n,orY,,,0.56,paired,y,,x-identical,
rich,poor,y,both,0.74,,0.54,paired,n,adj,antonym,scalar
richer,poorer,n,orX,0.52,,,,n,adj,antonym,scalar
ride,walk,y,orY,,,0.56,,n,adj/verb,co-hyponym,
rifle,shotgun,n,orY,,,0.52,paired,n,,co-hyponym,
rifles,shotguns,n,both,0.63,paired,0.69,paired,n,,co-hyponym,
right,left,y,orY,,,0.96,paired,n,adj/noun,antonym,complementary
rightful,otherwise,n,orX,0.63,,,,n,,proform,
rightfully,wrongly,n,orX,0.56,,,,n,adv,antonym,complementary
rightly,wrongly,n,both,0.99,,0.76,paired,n,adv,antonym,complementary
rise,fall,y,orX,0.73,,,,n,verb,antonym,reversive
rises,falls,n,orX,0.71,,,,n,verb,antonym,reversive
rising,falling,y,orX,0.54,,,,n,verb,antonym,reversive
robbers,cops,n,orY,,,0.67,,n,,co-hyponym,
rock,roll,n,orX,0.68,,,,n,,other-conventional,
round,square,y,both,0.51,,0.54,,n,noun/adj,co-hyponym,
router,modem,n,orY,,,0.61,,n,,co-hyponym,
row,column,n,both,0.65,,0.82,,n,noun,antonym,complementary
rows,columns,n,both,0.74,,0.79,,n,noun,antonym,complementary
run,walk,n,both,0.63,,0.59,,n,verb,co-hyponym,
rune,symbol,n,orX,0.5,,,,n,,co-hyponym,
runner,cyclist,n,orX,0.61,,,,n,,co-hyponym,
rural,urban,y,both,0.73,paired,0.86,paired,n,adj,antonym,scalar
rye,barley,n,orX,0.68,,,,n,noun,co-hyponym,
sad,happy,n,orY,,,0.52,,n,adj,antonym,scalar
safety,health,n,orY,,,0.63,,n,,other-conventional,
saline,water,n,orY,,,0.57,,n,,co-hyponym,
salon,spa,n,orY,,,0.57,,n,,co-hyponym,
salty,sweet,n,orY,,,0.67,,n,adj,co-hyponym,
sane,otherwise,n,orX,0.53,,,,n,,proform,
sans,with,n,orY,,,0.6,,n,adv,antonym-secondary,complementary
satire,parody,n,orX,0.65,,,,n,,nym-near-synonym,
saw,heard,n,orX,0.58,,,,n,,co-hyponym,
scientifically,otherwise,n,orX,0.51,,,,n,,proform,
screws,nails,n,orX,0.53,,,,n,,co-hyponym,
scrimmage,practice,n,both,0.71,,0.74,,n,,co-hyponym,
sculpt,paint,n,orY,,,0.55,,n,,co-hyponym,
sculptures,paintings,n,orY,,,0.54,,n,noun,co-hyponym,
sea,land,n,both,0.53,,0.85,,n,noun,antonym,complementary
seas,rivers,n,orY,,,0.51,,n,,co-hyponym,
seated,standing,y,both,0.98,,0.96,,n,adj/verb,antonym,multiple incompatibility
second,third,n,orX,0.65,,,,n,adj/noun,co-hyponym-numeric,
second,first,y,orY,,,0.8,,n,adj/noun,co-hyponym-numeric,
secondly,first,n,orY,,,0.58,,n,adj/adv,co-hyponym-numeric,
seconds,minutes,n,orY,,,0.77,,n,noun,co-hyponym-temporal,
secretly,publicly,n,both,0.53,,0.56,,n,adv,antonym-secondary,scalar
secular,religious,y,orY,,,0.57,,n,adj,antonym,complementary
seeing,hearing,n,orX,0.5,,,,n,,co-hyponym,
seizure,coma,n,both,0.51,,0.59,,n,,co-hyponym,
seizures,coma,n,orY,,,0.61,,n,,co-hyponym,
seldom,never,n,orX,0.83,,,,n,,co-hyponym-temporal,
seller,buyer,n,both,0.53,paired,0.92,paired,n,noun,antonym,converse
sellers,buyers,n,orY,,,0.88,paired,n,noun,antonym,converse
selling,buying,n,orY,,,0.73,,n,verb,antonym,converse
semifinals,quarters,n,orY,,,0.69,,n,noun,co-hyponym,
senate,house,n,orY,,,0.51,,n,noun,co-hyponym,
sender,receiver,n,orX,0.75,,,,n,noun,antonym,converse
sending,receiving,n,orX,0.74,,,,n,verb,antonym,converse
sends,receives,n,orX,0.53,,,,n,verb,antonym,converse
senior,junior,y,orY,,,0.7,,n,noun/adj,antonym,complementary
sent,received,n,orX,0.65,,,,n,adj/verb,antonym,converse
sentenced,convicted,n,orY,,,0.81,,n,adj/verb,co-hyponym,
separately,together,n,both,0.64,paired,0.59,,n,adv,antonym,complementary
separation,divorce,n,both,0.62,paired,0.92,paired,n,,co-hyponym,
seven,eight,n,orX,0.61,,,,n,,co-hyponym-numeric,
seven,six,n,orY,,,0.95,,n,noun,co-hyponym-numeric,
seventeen,sixteen,n,orY,,,0.88,,n,,co-hyponym-numeric,
seventh,eighth,n,orX,0.58,,,,n,,co-hyponym-numeric,
seventh,sixth,n,orY,,,0.88,,n,noun/adj,co-hyponym-numeric,
seventy,sixty,n,orY,,,0.81,,n,,co-hyponym-numeric,
several,one,n,orY,,,0.55,,n,adj/pronoun,co-hyponym-numeric,
severe,moderate,n,orY,,,0.8,,n,,contrast-scalar,
severely,moderately,n,orY,,,0.9,,n,adv,contrast-scalar,
sexist,racist,n,orY,,,0.69,paired,n,adj,co-hyponym,
sexual,otherwise,n,orX,0.6,,,,n,,proform,
sexually,otherwise,n,orX,0.63,,,,n,not-annotated,proform,
shade,sun,n,orY,,,0.69,,n,noun,antonym,scalar
shampoo,soap,n,orY,,,0.76,,n,noun,co-hyponym,
shape,size,n,orY,,,0.62,paired,n,,co-hyponym,
she,he,n,both,0.63,paired,0.96,,n,noun/pronoun,antonym,complementary
shine,rain,n,both,0.85,paired,0.99,,n,noun,co-hyponym,
shines,shines,n,orX,0.6,paired,,,y,,x-identical,
short,long,y,orY,,,0.94,paired,n,adj,antonym,scalar
shorter,longer,n,orX,0.78,paired,,,n,adj,antonym,scalar
shortly,now,n,orY,,,0.52,,n,,co-hyponym-temporal,
shot,killed,n,orX,0.56,,,,n,,co-hyponym,
shotgun,rifle,n,both,0.57,,0.81,paired,n,noun,co-hyponym,
shotguns,rifles,n,both,0.63,paired,0.74,paired,n,noun,co-hyponym,
should,could,n,orY,,,0.54,,n,,co-hyponym,
sidelined,injured,n,orY,,,0.54,,n,,co-hyponym,
sight,hearing,n,both,0.59,,0.57,,n,,co-hyponym,
silver,gold,n,both,0.77,paired,0.89,paired,n,noun,co-hyponym,
simulated,real,n,orY,,,0.52,,n,adj,antonym,scalar
singer,actor,n,orY,,,0.54,,n,,co-hyponym,
singular,plural,y,both,0.95,paired,0.93,paired,n,adj,antonym,complementary
sister,brother,y,orY,,,0.82,,n,noun,antonym,complementary
sisters,brothers,n,orY,,,0.91,paired,n,noun,antonym,complementary
sit,stand,y,both,0.65,paired,0.54,paired,n,verb,antonym,multiple incompatibility
sitting,standing,n,both,0.87,paired,0.94,paired,n,verb,antonym,multiple incompatibility
six,five,n,orY,,,0.95,,n,noun,co-hyponym-numeric,
sixteen,fifteen,n,orY,,,0.86,,n,noun,co-hyponym-numeric,
sixth,fifth,n,orY,,,0.95,,n,,co-hyponym-numeric,
sixty,fifty,n,orY,,,0.65,,n,,co-hyponym-numeric,
size,shape,n,orY,,,0.53,paired,n,,co-hyponym,
skinny,tall,n,orY,,,0.66,,n,,other-related,
slander,libel,n,both,0.5,paired,0.67,paired,n,noun,antonym,complementary
slender,tall,n,orY,,,0.68,,n,,other-related,
sliced,diced,n,orX,0.57,,,,n,,co-hyponym,
slip,fall,n,orX,0.57,,,,n,,co-hyponym,
slow,fast,y,orY,,,0.89,,n,adj,antonym,scalar
slower,faster,n,both,0.65,paired,0.93,,n,adj,antonym,scalar
small,large,y,orY,,,0.57,paired,n,adj,antonym,scalar
smaller,larger,n,orX,0.6,paired,,,n,adj,antonym,scalar
smallest,largest,n,orY,,,0.55,,n,adj,antonym,scalar
smartphone,tablet,n,both,0.87,paired,0.87,paired,n,noun,co-hyponym,
smartphones,tablets,n,both,0.78,paired,0.77,,n,noun,co-hyponym,
smell,taste,n,orY,,,0.54,,n,,co-hyponym,
smoking,drinking,n,orY,,,0.69,,n,verb,co-hyponym,
snow,rain,n,orY,,,0.86,paired,n,noun,co-hyponym,
snowy,rainy,n,orY,,,0.53,,n,,co-hyponym,
sober,drunk,n,orY,,,0.6,,n,adj,antonym,scalar
socialism,communism,n,orX,0.54,,,,n,,co-hyponym,
sofa,chair,n,orY,,,0.56,,n,noun,co-hyponym,
solely,jointly,n,orX,0.55,,,,n,,co-hyponym,
some,all,n,orX,0.58,,,,n,other/det,co-hyponym-numeric,
somebody,something,n,both,0.65,,0.51,,n,,co-hyponym,
someday,now,n,orY,,,0.71,,n,adv,co-hyponym-temporal,
somehow,other,n,orX,0.57,,,,n,,proform,
someone,something,n,both,0.89,,0.84,,n,noun/pronoun,co-hyponym,
son,daughter,y,orX,0.73,paired,,,n,noun,antonym,complementary
sons,daughters,n,both,0.85,paired,0.84,paired,n,noun,antonym,complementary
soon,now,n,orY,,,0.54,,n,,co-hyponym-temporal,
sooner,later,n,orX,1,,,,n,adj/adv,antonym-temporal,scalar
sophomore,junior,n,orX,0.62,,,,n,,co-hyponym,
sophomore,freshman,n,orY,,,0.67,paired,n,,co-hyponym,
sour,sweet,y,orY,,,0.94,,n,adj,antonym,scalar
south,north,y,orY,,,0.96,,n,adj,antonym,multiple incompatibility
southern,northern,y,orY,,,0.58,,n,adj,antonym,multiple incompatibility
soy,corn,n,orY,,,0.59,,n,noun,co-hyponym,
spatial,temporal,n,orX,0.62,,,,n,adj,co-hyponym,
speaks,writes,n,orY,,,0.58,,n,,co-hyponym,
specific,general,y,orY,,,0.79,,n,adj,antonym,scalar
specifically,generally,y,both,0.55,paired,0.62,,n,adv,antonym,scalar
sperm,eggs,n,orY,,,0.56,,n,,co-hyponym,
spices,herbs,n,both,0.58,,0.74,,n,noun,co-hyponym,
spoken,written,y,both,0.6,,0.88,paired,n,adj,antonym,complementary
spoof,parody,n,orY,,,0.59,,n,,nym-near-synonym,
spoon,fork,n,orY,,,0.52,,n,noun,co-hyponym,
spouses,children,n,both,0.58,,0.53,,n,,co-hyponym,
spring,winter,n,orY,,,0.53,,n,adj/noun,co-hyponym,multiple incompatibility
sprinkle,dust,n,orY,,,0.53,,n,,nym-near-synonym,
stabbed,shot,n,orY,,,0.78,,n,verb,co-hyponym,
stabilize,decline,n,orX,0.51,,,,n,verb,co-hyponym,
stainless,aluminum,n,orY,,,0.63,,n,noun,co-hyponym,
stand,sit,y,both,0.52,paired,0.6,paired,n,verb,antonym,multiple incompatibility
standing,sitting,n,both,0.7,paired,0.72,paired,n,verb,antonym,multiple incompatibility
stated,implied,n,orX,0.62,,,,n,adj/verb,antonym-secondary,scalar
statically,dynamically,n,both,0.76,,0.88,,n,adv,antonym,complementary
stationary,moving,n,orX,0.65,,,,n,adj,antonym,complementary
statutory,otherwise,n,orX,0.87,,,,n,,proform,
steadily,slowly,n,orY,,,0.63,,n,,other-related,
stereo,mono,n,both,0.51,,0.64,,n,adj,antonym,complementary
stiffness,pain,n,orY,,,0.54,,n,,co-hyponym,
still,moving,y,orX,0.68,,,,n,adj,antonym,scalar
stolen,lost,n,orY,,,0.67,,n,,co-hyponym,
stranger,friend,n,orY,,,0.77,,n,noun,antonym,complementary
strangers,friends,n,orY,,,0.59,,n,noun,antonym,complementary
streamed,downloaded,n,orX,0.53,,,,n,,co-hyponym,
streams,rivers,n,orY,,,0.77,,n,,co-hyponym,
strengths,weaknesses,n,both,0.92,,0.64,paired,n,noun,antonym,scalar
strikeouts,walks,n,both,0.67,,0.61,,n,noun,co-hyponym,
stripes,stars,n,orY,,,0.53,,n,,other-conventional,
strong,weak,y,orX,0.68,,,,n,adj,antonym,scalar
stronger,weaker,n,orX,0.66,,,,n,adj,antonym,scalar
stumbling,falling,n,orX,0.59,,,,n,,co-hyponym,
subcommittee,committee,n,both,0.56,,0.75,,n,noun,nym-meronym,
subconscious,conscious,n,orY,,,0.95,,n,adj/noun,co-hyponym,
subjective,objective,y,orY,,,0.9,,n,adj,antonym,scalar
subsidiaries,affiliates,n,orX,0.53,,,,n,,co-hyponym,
subsidiary,parent,n,orY,,,0.56,,n,noun,nym-meronym,
subtract,add,y,orY,,,0.91,,n,verb,antonym,complementary
suburb,city,n,orY,,,0.7,,n,noun,nym-meronym,
suburban,rural,n,orX,0.54,,,,n,,co-hyponym,
subway,bus,n,orY,,,0.66,,n,,co-hyponym,
success,failure,y,orX,0.84,,,,n,noun,antonym,scalar
successes,failures,n,orX,0.72,,,,n,noun,antonym,scalar
sudden,unexpected,n,orX,0.6,,,,n,,other-related,
suffering,pain,n,orY,,,0.66,,n,,co-hyponym,
suffix,prefix,y,orY,,,0.5,,n,noun,antonym,complementary
suicidal,depressed,n,orY,,,0.57,,n,,co-hyponym,
suited,otherwise,n,orX,0.84,,,,n,,proform,
summer,spring,n,orY,,,0.87,,n,,co-hyponym,multiple incompatibility
summers,winters,n,orX,0.54,paired,,,n,noun,antonym,multiple incompatibility
sung,spoken,n,both,0.55,,0.73,,n,adj,antonym-secondary,complementary
sunglasses,hat,n,orY,,,0.62,,n,,co-hyponym,
sunny,cloudy,n,both,0.92,,0.89,,n,adj,co-hyponym,
sunrise,sunset,y,both,0.99,paired,0.87,paired,n,noun,antonym,complementary
sunset,sunrise,y,both,0.95,paired,0.98,paired,n,noun,antonym,complementary
superintendent,equivalent,n,orX,0.58,,,,n,,proform,
superintendent,principal,n,orY,,,0.57,,n,,co-hyponym,
superior,equal,n,orY,,,0.67,,n,,contrast-scalar,
superiors,subordinates,n,orX,0.51,,,,n,noun,antonym,complementary
supernatural,otherwise,n,orX,0.54,,,,n,,proform,
supply,demand,y,both,0.87,paired,0.55,paired,n,noun,antonym,complementary
surgeon,physician,n,both,0.62,,0.5,,n,,co-hyponym,
surpass,exceed,n,orX,0.58,,,,n,,nym-near-synonym,
suspect,witness,n,both,0.55,,0.6,,n,,co-hyponym,
suspected,known,n,orY,,,0.59,,n,,co-hyponym,
suspects,witnesses,n,both,0.56,,0.56,,n,noun,co-hyponym,
suspensions,fines,n,orY,,,0.57,,n,noun,other-related,
swallow,chew,n,orY,,,0.58,,n,verb,co-hyponym,
sweep,tie,n,both,0.75,,0.64,,n,,co-hyponym,
sweet,sour,y,orX,0.6,,,,n,adj,antonym,scalar
swiftly,slowly,n,orY,,,0.58,,n,adv,antonym-secondary,scalar
swollen,bruised,n,orY,,,0.53,,n,,co-hyponym,
symptoms,signs,n,orY,,,0.57,,n,noun,nym-near-synonym,
synthetic,natural,n,both,0.63,,0.76,,n,adj,antonym-secondary,scalar
tablespoon,teaspoon,n,orY,,,0.53,,n,,co-hyponym,
tablet,smartphone,n,both,0.7,paired,0.52,paired,n,noun,co-hyponym,
tablets,smartphones,n,orX,0.54,paired,,,n,,co-hyponym,
tacit,explicit,n,orX,0.59,,,,n,adj,antonym,scalar
tail,head,y,orY,,,0.52,,n,noun,antonym,complementary
tails,heads,n,orY,,,0.85,,n,noun,antonym,complementary
take,give,y,orY,,,1,,n,verb,antonym,reversive
takeoff,landing,n,both,0.92,,0.75,paired,n,noun,antonym,reversive
taking,giving,n,orY,,,0.52,,n,verb,antonym,reversive
taller,shorter,n,orX,0.71,,,,n,adj,antonym,scalar
tandem,single,n,orY,,,0.62,,n,,co-hyponym,
tangible,intangible,y,orX,0.55,,,,n,adj,antonym,scalar
tasted,smelled,n,orX,0.6,,,,n,,co-hyponym,
taxi,bus,n,orY,,,0.7,,n,,co-hyponym,
taxis,buses,n,orY,,,0.57,,n,,co-hyponym,
tea,coffee,n,both,0.89,paired,0.89,paired,n,noun,co-hyponym,
tear,wear,n,orY,,,0.85,,n,verb,other-conventional,
tears,sweat,n,orY,,,0.6,,n,,co-hyponym,
teaspoons,less,n,orX,0.51,,,,n,,proform,
teen,adult,n,orX,0.54,,,,n,,co-hyponym,
teen,child,n,orY,,,0.72,,n,,co-hyponym,
teenager,child,n,orY,,,0.6,,n,,co-hyponym,
tell,show,n,orY,,,0.66,,n,verb,co-hyponym,
temporarily,permanently,y,both,0.9,paired,0.9,paired,n,adv,antonym,scalar
temporary,permanent,n,both,0.73,paired,0.66,paired,n,adj,antonym,scalar
tendon,muscle,n,orY,,,0.54,,n,noun,co-hyponym,
terms,conditions,n,orX,0.81,,,,n,,other-conventional,
territory,state,n,orY,,,0.51,,n,,co-hyponym,
testament,will,n,orY,,,0.91,,n,noun,other-conventional,
texted,emailed,n,both,0.67,,0.67,,n,,co-hyponym,
texts,emails,n,orX,0.5,,,,n,noun,co-hyponym,
that,this,n,orY,,,0.94,,n,other/det,antonym,complementary
thats,this,n,orY,,,0.81,,n,other/det,co-hyponym,
there,here,y,orY,,,0.82,,n,noun/adv,antonym,complementary
thick,thin,y,orX,0.68,,,,n,adj,antonym,scalar
thicker,thinner,n,orX,0.69,,,,n,adj,antonym,scalar
thin,thick,y,orY,,,0.55,,n,adj,antonym,scalar
thing,person,n,orY,,,0.74,,n,noun,co-hyponym,
third,second,n,orY,,,0.94,,n,,co-hyponym-numeric,
thirst,hunger,n,both,0.55,paired,0.73,paired,n,noun,co-hyponym,
thirsty,hungry,y,both,0.56,,0.71,,n,adj,co-hyponym,
thirteen,twelve,n,orY,,,0.81,,n,noun/adj,co-hyponym-numeric,
this,that,n,orX,0.75,,,,n,other/det,antonym,complementary
this,this,n,orY,,,0.86,paired,y,other/det,x-identical,
thousand,more,n,orX,0.55,,,,n,,proform,
thousands,hundreds,n,orY,,,0.84,,n,noun,co-hyponym-numeric,
three,two,n,orY,,,0.94,,n,noun,co-hyponym-numeric,
thunder,lightning,n,both,0.87,,0.85,paired,n,,co-hyponym,
tidy,neat,n,orY,,,0.51,,n,,other-conventional,
tiger,lion,n,orY,,,0.65,,n,,co-hyponym,
tigers,lions,n,orY,,,0.62,paired,n,,co-hyponym,
tightly,loosely,n,both,0.72,,0.52,,n,adv,antonym,scalar
times,dates,n,orY,,,0.52,,n,noun,co-hyponym-temporal,
today,tomorrow,n,orX,0.53,,,,n,noun/adv,co-hyponym-temporal,
today,yesterday,n,orY,,,0.75,paired,n,noun/adv,co-hyponym-temporal,
toddler,infant,n,orY,,,0.71,,n,,co-hyponym,
toddlers,infants,n,orY,,,0.66,,n,,co-hyponym,
together,separately,n,orX,0.54,paired,,,n,adv,antonym-secondary,
tomorrow,today,n,orY,,,0.86,,n,noun/adv,co-hyponym-temporal,
ton,more,n,orX,0.62,,,,n,,proform,
tonight,tomorrow,n,orX,0.52,,,,n,noun/adv,co-hyponym-temporal,
tonight,today,n,orY,,,0.76,,n,,co-hyponym-temporal,
top,bottom,y,orX,0.53,,,,n,adj,antonym,scalar
topical,oral,n,orY,,,0.59,,n,adj,antonym-secondary,complementary
tort,otherwise,n,orX,0.68,,,,n,not-annotated,proform,
totally,partially,n,both,0.53,,0.56,,n,adv,antonym,scalar
towels,sheets,n,orY,,,0.58,,n,,co-hyponym,
town,city,n,orY,,,0.78,,n,,co-hyponym,
towns,villages,n,orX,0.55,paired,,,n,,co-hyponym,
towns,cities,n,orY,,,0.73,paired,n,noun,co-hyponym,
track,field,n,orX,0.63,,,,n,,co-hyponym,
tragically,otherwise,n,orX,0.5,,,,n,,proform,
train,bus,n,orY,,,0.59,,n,,co-hyponym,
tram,bus,n,orY,,,0.74,,n,noun,co-hyponym,
trans,otherwise,n,orX,0.69,,,,n,,proform,
treat,trick,n,orY,,,0.89,,n,,other-conventional,
treating,trick,n,orY,,,0.97,,n,,other-conventional,
trick,treat,n,orX,0.63,,,,n,noun,other-conventional,
trillion,billion,n,orY,,,0.61,,n,noun,co-hyponym-numeric,
trillions,billions,n,orY,,,0.79,,n,noun,co-hyponym-numeric,
trilogy,series,n,both,0.61,,0.61,,n,,co-hyponym,
triple,double,n,orY,,,0.74,,n,,co-hyponym,
tripled,doubled,n,orY,,,0.98,paired,n,adj/verb,co-hyponym-numeric,
tropical,otherwise,n,orX,0.54,,,,n,,proform,
trough,peak,n,orY,,,0.91,,n,noun,antonym,scalar
trout,salmon,n,orY,,,0.78,,n,noun,co-hyponym,
TRUE,FALSE,y,both,0.89,,0.73,paired,n,adj,antonym,complementary
tsunami,earthquake,n,orY,,,0.9,,n,noun,co-hyponym,
tuna,salmon,n,orY,,,0.69,,n,noun,co-hyponym,
tunnel,bridge,n,orY,,,0.52,,n,,co-hyponym,
turkey,chicken,n,both,0.68,,0.74,,n,noun,co-hyponym,
turnovers,sacks,n,orY,,,0.56,,n,,co-hyponym,
twenties,teens,n,orY,,,0.88,,n,noun,co-hyponym-numeric,
twentieth,nineteenth,n,orY,,,0.87,,n,noun,co-hyponym-numeric,
twice,more,n,orX,0.85,,,,n,,proform,
twice,once,n,orY,,,0.98,paired,n,adv,co-hyponym-numeric,
two,more,n,orX,0.56,,,,n,,proform,
two,one,n,orY,,,0.78,,n,noun,co-hyponym-numeric,
typo,error,n,orY,,,0.52,,n,,co-hyponym,
unable,unwilling,n,both,0.88,,0.91,paired,n,adj,co-hyponym,
unarmed,armed,y,orY,,,0.8,,n,adj,antonym,complementary
uncle,aunt,y,orY,,,0.57,,n,noun,antonym,complementary
uncommon,rare,n,orY,,,0.82,,n,,contrast-scalar,
unconditional,conditional,y,orX,0.54,,,,n,adj,antonym,complementary
unconsciously,consciously,y,orY,,,0.96,,n,adv,antonym,complementary
undergraduate,graduate,n,both,0.63,,0.71,,n,noun,co-hyponym,
understandably,otherwise,n,orX,0.67,,,,n,,proform,
undocumented,otherwise,n,orX,0.6,,,,n,,proform,
unfairly,fairly,y,orY,,,0.68,,n,adv,antonym,scalar
unfavorable,favorable,y,orY,,,0.99,paired,n,adj,antonym,scalar
unfolded,folded,n,orY,,,0.56,,n,adj,antonym,complementary
unforeseen,known,n,orY,,,0.56,,n,,opposition-indirect,
unintended,otherwise,n,orX,0.72,,,,n,,proform,
unintended,intended,y,orY,,,0.79,,n,adj/verb,antonym,scalar
unintentional,intentional,n,orY,,,0.71,,n,adj,antonym,complementary
unintentionally,intentionally,y,orY,,,0.88,,n,adv,antonym,complementary
universities,colleges,n,both,0.55,paired,0.72,,n,,co-hyponym,
university,college,n,both,0.75,,0.83,,n,,co-hyponym,
unknow,known,n,orY,,,0.59,,n,partial token,x-none,
unlocked,locked,n,orY,,,0.58,,n,adj,antonym,reversive
unmanned,manned,y,orY,,,0.91,,n,adj,antonym,complementary
unmarried,married,y,orY,,,0.76,,n,adj,antonym,complementary
unofficial,official,y,orY,,,0.88,,n,adj,antonym,complementary
unpopular,popular,y,orY,,,0.54,,n,adj,antonym,scalar
unsuccessfully,successfully,y,orY,,,0.76,,n,adv,antonym,scalar
untrue,TRUE,n,orY,,,0.87,,n,noun,antonym-secondary,complementary
unwilling,unable,n,orY,,,0.72,paired,n,adj,co-hyponym,
unwillingness,inability,n,orY,,,0.64,,n,,opposition-indirect,
unwitting,otherwise,n,orX,0.85,,,,n,,proform,
unwittingly,otherwise,n,orX,0.53,,,,n,,proform,
unwittingly,knowingly,n,orY,,,0.74,,n,adv,antonym-secondary,scalar
up,down,y,orX,0.82,,,,n,adj/adv,antonym,scalar
uphill,downhill,n,both,0.79,,0.66,paired,n,adj,antonym,scalar
upper,lower,n,both,0.88,,0.87,,n,adj,antonym,scalar
ups,downs,n,orX,0.95,,,,n,noun,antonym,scalar
upside,downside,n,orX,0.83,,,,n,noun,antonym,scalar
upstairs,downstairs,y,both,0.73,paired,0.68,paired,n,adj/adv/noun,antonym,complementary
upstream,downstream,y,both,0.92,,0.75,paired,n,adj/adv,antonym,complementary
uptick,decline,n,orX,0.52,,,,n,noun,antonym-secondary,scalar
upward,downward,y,orX,0.79,,,,n,adj/adv,antonym,scalar
upwards,downwards,y,orX,0.77,,,,n,adj/adv,antonym,scalar
uranium,plutonium,n,orY,,,0.63,paired,n,noun,co-hyponym,
urban,rural,y,both,0.58,paired,0.7,paired,n,adj,antonym,scalar
username,password,n,orX,0.83,,,,n,noun,co-hyponym,
uttered,written,n,orY,,,0.61,,n,adj/verb,co-hyponym,
vagina,anus,n,orX,0.62,paired,,,n,,co-hyponym,
vanilla,chocolate,n,orY,,,0.78,,n,noun,co-hyponym,
variants,",",n,orY,,,0.53,,n,,x-odd,
varies,",",n,orY,,,0.51,,n,,x-odd,
vary,",",n,orY,,,0.53,,n,,x-odd,
vegan,vegetarian,n,both,0.86,paired,0.96,paired,n,adj/noun,co-hyponym,
vegetable,fruit,n,orY,,,0.72,paired,n,,co-hyponym,
vegetables,fruits,n,both,0.64,paired,0.77,paired,n,noun,co-hyponym,
vegetarian,vegan,n,both,0.85,paired,0.91,paired,n,adj,co-hyponym,
veggies,fruits,n,both,0.61,,0.79,,n,,co-hyponym,
vein,artery,n,orY,,,0.53,paired,n,,co-hyponym,
verb,noun,n,both,0.59,,0.87,,n,noun,co-hyponym,
verbal,written,n,both,0.55,,0.85,,n,adj,co-hyponym,
verse,chapter,n,orY,,,0.57,,n,noun,nym-meronym,
vertical,horizontal,n,both,0.92,paired,0.97,paired,n,adj,antonym,complementary
vertically,horizontally,n,both,0.97,paired,0.98,paired,n,adj,antonym,complementary
village,town,n,orY,,,0.74,,n,,co-hyponym,
villages,towns,n,both,0.59,paired,0.82,,n,noun,co-hyponym,
virtually,physically,n,both,0.54,,0.9,,n,adv,antonym,complementary
virus,bacteria,n,both,0.7,,0.87,,n,noun,co-hyponym,
viruses,bacteria,n,both,0.84,,0.87,,n,noun,co-hyponym,
vis,vis,n,orX,0.72,paired,,,y,,x-identical,
visa,passport,n,orY,,,0.68,,n,,co-hyponym,
visas,passports,n,orY,,,0.63,,n,,co-hyponym,
visibly,otherwise,n,orX,0.57,,,,n,,proform,
visions,dreams,n,orY,,,0.86,,n,,nym-near-synonym,
vitamin,mineral,n,both,0.82,,0.6,,n,noun,co-hyponym,
vitamins,minerals,n,orX,0.69,,,,n,,co-hyponym,
void,null,n,orY,,,0.86,,n,,other-conventional,
voluntarily,otherwise,n,orX,0.63,,,,n,,proform,
vouchers,cash,n,orY,,,0.55,,n,noun,co-hyponym,
wake,sleep,y,both,0.63,,0.5,,n,verb,antonym,complementary
waking,asleep,n,orX,0.66,,,,n,adj/verb,antonym,scalar
wants,needs,n,orY,,,0.74,paired,n,,co-hyponym,
warm,cool,y,orY,,,0.68,,n,adj,antonym,scalar
warmed,cooled,n,orX,0.52,,,,n,adj/verb,antonym,scalar
warmer,colder,n,orX,0.55,,,,n,adj,antonym,scalar
warming,cooling,n,orX,0.71,,,,n,adj/verb,antonym,scalar
weaknesses,strengths,n,orY,,,0.89,paired,n,noun,antonym,scalar
wear,tear,n,orX,0.89,,,,n,,other-conventional,
weeds,grass,n,orY,,,0.57,,n,,co-hyponym,
week,day,n,orY,,,0.52,,n,noun,co-hyponym-temporal,
weekday,weekend,n,orX,0.77,,,,n,noun,co-hyponym-temporal,
weekends,holidays,n,orX,0.78,,,,n,,co-hyponym-temporal,
weekly,monthly,n,orX,0.64,,,,n,adv,co-hyponym-temporal,
weekly,daily,n,orY,,,0.86,paired,n,adv,co-hyponym-temporal,
weeks,months,n,orX,0.74,,,,n,noun,co-hyponym-temporal,
weeks,days,n,orY,,,0.81,,n,noun,co-hyponym-temporal,
weighed,measured,n,both,0.8,,0.55,,n,adj/verb,co-hyponym,
weighs,weighs,n,orY,,,0.58,paired,y,,x-identical,
weight,height,n,orY,,,0.76,paired,n,adj,co-hyponym,
west,east,y,both,0.6,paired,0.76,,n,adj/noun,antonym,multiple incompatibility
western,eastern,y,orY,,,0.55,,n,adj,antonym,multiple incompatibility
wet,dry,y,both,0.85,paired,0.92,paired,n,adj,antonym,scalar
whale,dolphin,n,orY,,,0.6,paired,n,,co-hyponym,
whales,dolphins,n,both,0.76,,0.78,,n,,co-hyponym,
wheat,barley,n,both,0.82,paired,0.75,paired,n,noun,co-hyponym,
whenever,wherever,n,both,0.7,paired,0.9,,n,,co-hyponym,
where,when,n,orY,,,0.54,,n,,co-hyponym,
wherever,whenever,n,orX,0.68,paired,,,n,adv,co-hyponym,
whether,not,n,orX,0.66,,,,n,not-annotated,proform,
white,black,y,orY,,,0.64,,n,adj,antonym,complementary
whites,blacks,n,orY,,,0.5,,n,noun,antonym,complementary
whoever,whatever,n,orX,0.73,,,,n,,co-hyponym,
whole,part,n,both,0.98,paired,0.96,,n,noun,nym-meronym,
wholesale,retail,y,both,0.83,,0.87,,n,adj,antonym,complementary
wholly,partly,y,both,0.66,,0.62,,n,adv,antonym,scalar
wife,husband,y,orY,,,0.95,paired,n,noun,antonym,complementary
willfully,otherwise,n,orX,0.55,,,,n,,proform,
windows,doors,n,orY,,,0.55,paired,n,noun,co-hyponym,
wine,beer,n,orY,,,0.66,paired,n,noun,co-hyponym,
wins,losses,n,orX,0.57,,,,n,noun,antonym,complementary
winter,summer,n,orX,0.84,,,,n,noun,antonym-temporal,multiple incompatibility
winters,summers,n,orX,0.62,paired,,,n,noun,antonym-temporal,multiple incompatibility
wired,wireless,y,orX,0.58,paired,,,n,adj,antonym,complementary
wireless,wired,y,both,0.81,paired,0.92,,n,adj,antonym,complementary
with,without,n,orX,0.9,,,,n,adv,antonym,complementary
without,with,n,orY,,,0.98,,n,adv,antonym,complementary
wives,husbands,n,orY,,,0.52,paired,n,noun,antonym,complementary
wizards,witches,n,both,0.5,,0.75,,n,noun,co-hyponym,
woke,asleep,n,orX,0.67,,,,n,verb,antonym,complementary
woman,man,y,both,0.57,paired,0.99,,n,noun,antonym,complementary
women,men,n,both,0.51,paired,0.9,paired,n,noun,antonym,complementary
won,lost,y,orX,0.55,,,,n,adj/verb,antonym,complementary
wonderfully,otherwise,n,orX,0.54,,,,n,,proform,
word,phrase,n,orX,0.68,,,,n,,nym-meronym,
worse,better,y,orX,0.51,paired,,,n,adj,antonym,scalar
wounding,death,n,orX,0.58,,,,n,,co-hyponym,
written,spoken,y,orY,,,0.51,paired,n,verb,antonym,complementary
wrong,right,y,orY,,,0.99,,n,adj,antonym,complementary
wrongly,rightly,n,orY,,,0.89,paired,n,adv,antonym,complementary
yards,less,n,orX,0.53,,,,n,,proform,
yea,no,n,orX,0.6,,,,n,noun/adv,antonym,complementary
yeah,no,n,orX,0.66,,,,n,noun/adv,antonym,complementary
year,month,n,orY,,,0.64,,n,noun,co-hyponym-temporal,
yearly,monthly,n,both,0.67,,0.86,,n,noun,co-hyponym-temporal,
yeast,bacteria,n,both,0.74,,0.53,,n,noun,co-hyponym,
yes,no,y,both,0.98,,0.87,paired,n,noun/adv,antonym,complementary
yesterday,today,n,both,0.78,,0.84,paired,n,adv,co-hyponym-temporal,
yoga,meditation,n,orX,0.71,,,,n,,co-hyponym,
young,old,y,orX,0.66,,,,n,adj,antonym,scalar
younger,older,n,orX,0.7,,,,n,adj,antonym,scalar
youngest,oldest,n,both,0.57,,0.69,,n,adj,antonym,scalar
zip,city,n,both,0.61,,0.6,,n,noun,other-related,
zoo,museum,n,orY,,,0.55,,n,,co-hyponym,