pairid,A-word,B-word,Jones2002,Jones2012,Paradis2009Elicit,Paradis2009Judge,deWeijer2012,LowFreq,Canonical,CorePair,WordNet,Ant-Type,Morpological,POS,WordNet-Has-Antonyms,A-WordNet-Antonym,B-WordNet-Antonym,A-WordNet-Synsets,B-WordNet-Synsets
1,active,passive,y,n,n,n,y,n,n,y,y,scalar-bounded,n,adj,both,extinct;quiet;inactive;stative;dormant;passive;,active,17,4
2,advantage,disadvantage,y,n,n,n,n,n,n,y,y,complementary,y,noun,both,disadvantage,advantage,4,2
3,agree,disagree,y,n,n,n,n,n,n,y,y,complementary,y,verb,both,disagree,agree,7,2
4,beautiful,ugly,n,y,y,y,y,n,y,y,y,scalar-unbounded,n,adj,both,ugly,beautiful,2,4
5,begin,end,y,n,n,n,n,n,n,y,y,reversive,n,verb,both,end,begin;beginning;,11,18
6,big,small,n,y,y,n,n,n,n,y,y,scalar-unbounded,n,adj,both,small;little;,large;big;,17,13
7,black,white,n,n,y,n,n,n,n,y,y,complementary,n,adj,both,white,black,22,25
8,boom,recession,y,n,n,n,n,n,n,y,n,complementary,n,noun,neither,none,none,10,5
9,boring,exciting,n,n,y,n,y,y,n,y,n,scalar-unbounded,n,adj,neither,none,unexciting,5,10
10,bright,dim,n,y,n,n,n,n,n,y,n,scalar-unbounded,n,adj,neither,dull,none,11,10
11,bright,dull,n,y,y,n,n,n,n,y,y,scalar-unbounded,n,adj,both,dull,bright;sharp;sharpen;lively;,11,19
12,broad,narrow,n,y,y,n,n,n,n,y,n,scalar-unbounded,n,adj,neither,none,widen;wide;,9,10
13,clean,dirty,n,n,y,n,y,n,n,y,y,scalar-bounded,n,adj,both,unclean;dirty;,clean,31,13
14,clever,stupid,n,n,n,n,y,y,n,y,n,scalar-unbounded,n,adj,neither,none,smart,3,4
15,confirm,deny,y,n,n,n,n,n,n,y,n,complementary,n,verb,neither,none,admit;allow;,5,7
16,correct,incorrect,y,n,n,n,n,n,n,y,y,complementary,y,adj,both,falsify;incorrect;,correct,12,4
17,covered,bare,n,n,y,n,n,n,n,y,y,complementary,n,adj,both,bare,covered,27,13
18,dark,bright,n,y,y,n,n,n,n,y,n,scalar-unbounded,n,adj,neither,light,dull,16,11
19,dead,alive,y,n,n,n,y,n,n,y,y,complementary,n,adj,both,alive;live;living;,dead,21,7
20,defend,attack,y,n,n,n,n,n,n,y,y,converse,n,verb,both,attack;prosecute;,defend,7,15
21,directly,indirectly,y,n,n,n,n,n,n,y,y,complementary,y,adv,both,indirectly,directly,4,1
22,drunk,sober,y,n,y,n,n,n,n,y,n,scalar-bounded,n,adj,neither,none,intoxicated,9,7
23,easy,difficult,y,n,n,n,y,n,n,y,y,scalar-unbounded,n,adj,both,uneasy;difficult;,easy,15,2
24,easy,hard,n,n,y,n,n,n,n,y,n,scalar-unbounded,n,adj,neither,uneasy;difficult;,soft,15,22
25,encourage,discourage,y,n,n,n,n,n,n,y,y,reversive,y,verb,both,discourage,encourage,3,3
26,explicitly,implicitly,y,n,n,n,n,n,n,y,y,complementary,n,adv,both,implicitly,explicitly,1,2
27,fact,fiction,y,n,n,n,n,n,n,y,n,complementary,n,noun,neither,none,none,4,2
28,fast,slow,y,y,y,y,y,n,y,y,y,scalar-unbounded,n,adj,both,slow,fast,15,11
29,fat,thin,n,y,y,n,n,n,n,y,y,scalar-unbounded,n,adj,both,thin,thicken;fat;full;thick;,9,13
30,fat,skinny,n,y,n,n,n,n,n,y,n,scalar-unbounded,n,adj,neither,thin,none,9,5
31,feeble,strong,n,n,y,n,n,n,n,y,n,scalar-unbounded,n,adj,neither,none,weak,4,10
32,filthy,clean,n,n,y,n,n,n,n,y,n,scalar-bounded,n,adj,neither,none,unclean;dirty;,3,31
33,friendly,hostile,n,n,n,n,y,y,n,y,y,scalar-unbounded,n,adj,both,hostile;unfriendly;,amicable;friendly;,5,6
34,gay,straight,y,n,n,n,n,n,n,y,n,complementary,n,adj,neither,none,curved;crooked;curly;,7,21
37,good,evil,n,n,y,y,n,n,n,y,y,scalar-unbounded,n,adj,both,evil;bad;,good,27,6
38,good,bad,y,n,y,y,y,n,y,y,y,scalar-unbounded,n,adj,both,evil;bad;,good,27,17
39,guilt,innocence,y,n,n,n,n,n,n,y,y,complementary,n,noun,both,innocence,guilt,2,3
40,happy,sad,y,n,n,n,y,n,n,y,n,scalar-unbounded,n,adj,neither,unhappy,glad,4,3
41,hard,soft,y,n,y,n,y,n,n,y,y,scalar-unbounded,n,adj,both,soft,hard;hardened;loud;,22,20
42,healthy,ill,n,n,n,n,y,y,n,y,n,scalar-unbounded,n,adj,neither,unhealthy,well,5,9
43,healthy,unhealthy,n,n,y,n,n,n,n,y,y,scalar-unbounded,y,adj,both,unhealthy,healthy,5,3
44,heroic,cowardly,n,n,y,n,n,n,n,y,n,scalar-unbounded,n,adj,neither,none,brave,6,1
45,high,low,y,n,n,n,y,n,n,y,y,scalar-unbounded,n,adj,both,low_spirits;low;,high,18,16
46,honest,dishonest,y,n,n,n,n,n,n,y,y,scalar-bounded,y,adj,both,dishonest,honest,7,2
47,hot,cold,y,n,y,n,y,n,n,y,y,scalar-unbounded,n,adj,both,cold,hot,21,16
48,large,small,y,y,y,y,y,n,y,y,y,scalar-unbounded,n,adj,both,small,large;big;,11,13
49,lean,fat,n,y,y,y,n,n,n,y,n,scalar-unbounded,n,adj,neither,rich,thin,10,9
50,legal,illegal,y,n,n,n,n,n,n,y,y,complementary,n,adj,both,illegal,legal,5,1
51,light,dark,n,n ,y,y,y,n,y,y,y,scalar-unbounded,n,adj,both,heavy;dark;,light,47,16
52,light,heavy,y,n,y,n,n,n,n,y,y,scalar-unbounded,n,adj,both,heavy;dark;,light,47,30
53,little,big,n,y,y,n,n,n,n,y,y,scalar-unbounded,n,adj,both,much;big;,small;little;,10,17
54,long,short,y,n,n,n,y,n,n,y,y,scalar-unbounded,n,adj,both,short,long;tall;,12,23
55,love,hate,y,n,n,n,n,n,n,y,y,scalar-unbounded,n,verb,both,hate,love,10,2
57,major,minor,y,n,n,n,n,n,n,y,y,scalar-unbounded,n,adj,both,minor,major,13,11
58,male,female,y,n,n,n,y,n,n,y,y,complementary,n,adj,both,female,androgynous;male;,6,5
59,married,unmarried,y,n,n,n,n,n,n,y,y,complementary,y,adj,both,unmarried,married,5,1
60,masculine,feminine,y,n,n,n,n,n,n,y,y,complementary,n,adj,both,feminine,neuter;masculine;,4,5
61,narrow,wide,n,y,y,y,y,n,y,y,y,scalar-unbounded,n,adj,both,widen;wide;,narrow,10,11
63,natural,artificial,y,n,n,n,n,n,n,y,y,scalar-bounded,n,adj,both,unnatural;supernatural;artificial;sharp;,natural,13,3
66,old,new,y,n,n,n,n,n,n,y,y,scalar-unbounded,n,adj,both,new;young;,worn;old;,9,12
67,open,closed,n,y,y,n,y,n,n,y,y,scalar-bounded,n,adj,both,close;closed;shut;,open,36,26
70,optimistic,pessimistic,y,n,n,n,n,n,n,y,y,scalar-unbounded,n,adj,both,pessimistic,optimistic,2,1
74,public,private,y,n,n,n,n,n,n,y,y,complementary,n,adj,both,private,public,4,5
75,publicly,privately,y,n,n,n,n,n,n,y,y,complementary,n,adv,both,privately,publicly,2,2
76,quickly,slowly,y,n,n,n,n,n,n,y,y,scalar-unbounded,n,adv,both,slowly,quickly,3,2
77,rapid,slow,n,n,y,n,n,n,n,y,n,scalar-unbounded,n,adj,neither,none,fast,3,11
78,rare,common,n,n,y,n,n,n,n,y,n,scalar-unbounded,n,adj,neither,none,individual;uncommon;,6,10
80,reward,punishment,y,n,n,n,n,n,n,y,n,converse,n,noun,neither,penalty,none,8,1
81,rich,poor,y,y,y,n,y,n,n,y,y,scalar-unbounded,n,adj,both,lean;poor;,rich,13,7
82,right,wrong,y,n,n,n,y,n,n,y,y,complementary,n,adj,both,wrong;left;wrongly;,right,36,13
83,rightly,wrongly,y,n,n,n,n,n,n,y,n,complementary,n,adv,neither,none,right,1,2
84,rough,smooth,n,n,y,n,y,y,n,y,y,scalar-unbounded,n,adj,both,smooth,rough;roughen;,18,12
85,rural,urban,y,n,n,n,n,n,n,y,y,complementary,n,adj,both,urban,rural,2,2
86,sad,glad,n,n,y,n,n,n,n,y,y,scalar-unbounded,n,adj,both,glad,sad,3,5
89,slim,fat,n,n,y,n,n,n,n,y,n,scalar-unbounded,n,adj,neither,none,thin,3,9
90,strange,normal,n,n,n,n,y,y,n,y,n,scalar-unbounded,n,adj,neither,familiar,abnormal;paranormal;,3,5
91,strength,weakness,y,n,n,n,n,n,n,y,y,scalar-unbounded,n,noun,both,weakness,strength,9,5
92,strong,weak,n,y,y,y,y,n,y,y,y,scalar-unbounded,n,adj,both,weak,strong,10,12
93,style,substance,y,n,n,n,n,n,n,y,n,converse,n,noun,neither,none,none,12,7
94,succeed,fail,y,n,n,n,n,n,n,y,y,scalar-bounded,n,verb,both,fail;precede;,manage;pass;succeed;,2,11
95,success,failure,y,n,n,n,n,n,n,y,y,scalar-bounded,n,noun,both,failure,success,4,7
96,sudden,gradual,n,n,n,n,y,y,n,y,y,scalar-unbounded,n,adj,both,gradual,sudden;steep;,1,3
98,temporary,permanent,y,n,n,n,y,n,n,y,n,complementary,n,adj,neither,none,impermanent,3,3
99,thick,thin,n,y,y,y,y,n,y,y,y,scalar-unbounded,n,adj,both,thin,thicken;fat;full;thick;,13,13
100,tiny,enormous,n,n,y,n,n,n,n,y,n,scalar-unbounded,n,adj,neither,none,none,1,1
101,tiny,huge,n,n,y,n,n,n,n,y,n,scalar-unbounded,n,adj,neither,none,none,1,1
103,vague,clear,n,n,n,n,y,y,n,y,n,scalar-unbounded,n,adj,neither,none,bounce;cloudy;opaque;unclear;,3,45
104,war,peace,y,n,n,n,n,n,n,y,y,complementary,n,noun,both,make_peace;peace;,war,5,5
105,wealthy,poor,n,y,n,n,n,n,n,y,n,scalar-unbounded,n,adj,neither,none,rich,1,7
106,well,badly,y,n,n,n,n,n,n,y,y,scalar-unbounded,n,adv,both,ill;badly;,well,22,10
107,well,sick,n,n,y,n,n,n,n,y,n,scalar-unbounded,n,adj,neither,ill;badly;,none,22,9
108,wet,dry,y,n,n,n,y,n,n,y,y,scalar-bounded,n,adj,both,dry,sweet;wet;phlegmy;,9,19
110,win,lose,y,n,n,n,n,n,n,y,y,complementary,n,verb,both,lose,profit;keep;win;find;,6,11
111,young,old,y,n,y,n,y,n,n,y,y,scalar-unbounded,n,adj,both,aged;old;,new;young;,14,9
112,TRUE,FALSE,y,n,n,n,y,n,n,y,n,complementary,n,adj,neither,none,none,15,11